Nom	Technologie	Écran tactile	Couleurs	Taille écran	Zone d'écran	Format d'écran	Ratio écran / corps	Résolution d'écran	Densité des pixels	Protection	Autre	Caméra arrière, basique	Spécifications	Fonctions	Vidéo	DxOMark Main Score	DxOMark Photo	DxOMark Video	Caméra frontale, selfie	Caractéristiques	Système d'exploitation (OS)	Chipset	Processeur CPU	Processeur graphique GPU	Mémoire externe	Mémoire interne	Score 8 Antutu	Score 7 Antutu	GeekBench 5 Single Core	GeekBench 5 Multi-Core	GeekBench 4 Single Core	GeekBench 4 Multi-Core	Date de sortie	Dimensions (HxLxP)	Poids	Coque	Batterie	Autonomie de la batterie	Prix approximatif	Carte SIM	Réseaux	Vitesse	GPRS	Edge	Wi-Fi	GPS	NFC	USB	Bluetooth	Irradiation nocive	Radio	Prise casque	Autres extras audio	Autres	DxOMark Selfie Score	GeekBench 4 Battery	GeekBench 4 RenderScript	AnTuTu - Higher is better	GFXBench Manhattan 3.1 on-screen - Higher is better	JetStream - Higher is better	Geekbench 4 single-core - Higher is better	Geekbench 4 multi-core - Higher is better	Basemark OS II - Higher is better	GFXBench T-Rex HD on-screen - Higher is better	Vellamo Metal - Higher is better	Durée batterie	Temps chargement	Nom
Apple iPhone 11	IPS LCD	oui, capacitif	Black, Green, Yellow, Purple, Red, White	"6.1"" pouces"	90.3 cm2	19.5:9 (Hauteur:largeur)	79.0%	828 x 1792 px	326 PPI	Scratch-resistant glass, oleophobic coating	- Liquid Retina -625 nits -Dolby Vision -HDR10 -True-tone -Wide color gamut -120 Hz touch-sensing	12 MP, Deux caméra	"-12 MP, f/1.8, 26mm (grand angle), 1/2.55"", 1.4µm, dual pixel PDAF, OIS - 12 MP, f/2.4, 13mm (ultra grand angle)"	HDR	2160p@24/30/60fps, 1080p@30/60/120fps, gyro-EIS	109	112	101	12 MP, Deux caméra	-12 MP, f/2.2, 23mm (grand angle) -TOF 3D camera	iOS 13, évolutif à iOS 13.2	- Apple A13 Bionic (7 nm+)	- 6-core (2x2.65 GHz Lightning + 4x1.8 GHz Thunder)	Apple GPU (4-core graphics)	Non	64GB 4GB RAM, 128GB 4GB RAM, 256GB 4GB RAM	513728	455658	1328	3298	5472	13769	2019, septembre	150.9 Х 75.7 Х 8.3 mm	194 gr.	Panneau avant et arrière de verre, cadre en aluminium (7000 series)	3110 mAh, non amovible, Li-Ion	Temps de conversation - Jusqu'à 17 h Lecture audio - Jusqu'à 65 h	800 EUR	Single SIM (Nano-SIM and/or Electronic SIM card) or Dual SIM (Nano-SIM, mode double veille) - for China	Afficher toutes les fréquences du réseau: -2G - GSM 850 / 900 / 1800 / 1900 - SIM 1 & SIM 2 (dual-SIM) - for China CDMA 800 / 1900 -3G - HSDPA 850 / 900 / 1700(AWS) / 1900 / 2100 CDMA2000 1xEV-DO -4G - LTE band 1(2100), 2(1900), 3(1800), 4(1700/2100), 5(850), 7(2600), 8(900), 11(1500), 12(700), 13(700), 17(700), 18(800), 19(800), 20(800), 21(1500), 25(1900), 26(850), 28(700), 29(700), 30(2300), 32(1500), 34(2000), 38(2600), 39(1900), 40(2300), 41(2500), 42(3500), 46(5200), 48, 66(1700/2100) - A2221 LTE band 1(2100), 2(1900), 3(1800), 4(1700/2100), 5(850), 7(2600), 8(900), 12(700), 13(700), 14(700), 17(700), 18(800), 19(800), 20(800), 25(1900), 26(850), 29(700), 30(2300), 34(2000), 38(2600), 39(1900), 40(2300), 41(2500), 42(3500), 46(5200), 48, 66(1700/2100), 71(600) - A2111 LTE band 1(2100), 2(1900), 3(1800), 4(1700/2100), 5(850), 7(2600), 8(900), 12(700), 13(700), 14(700), 17(700), 18(800), 19(800), 20(800), 25(1900), 26(850), 29(700), 30(2300), 34(2000), 38(2600), 39(1900), 40(2300), 41(2500), 42(3500), 46(5200), 48, 66(1700/2100), 71(600) - A2223	HSPA 42.2/5.76 Mbps, LTE-A, EV-DO Rev.A 3.1 Mbps	Oui	Oui	Wi-Fi 802.11 a/b/g/n/ac/ax, dual-band, hotspot	Oui, avec A-GPS, GLONASS, GALILEO, QZSS	Oui	2.0, proprietary connecteur réversible	5.0, A2DP, LE	SAR - 1.09 W/kg (tête) 1.18 W/kg (corps) SAR EU - 0.95 W/kg (tête) 0.99 W/kg (corps)	Non	Non	- Suppression active du bruit avec micro dédié -Dolby Atmos sound- Haut-parleurs stéréo	- Capteurs - Face ID reconnaissance faciale, Accéléromètre, Gyroscope, Détecteur de proximité, Boussole, Baromètre - Siri natural language commands and dictation - Technologie de recharge rapide 18W: 50% en 30 minutes -USB Power Delivery 2.0 -Qi Chargement sans fil - IP68 résistant à l'eau et à la poussière (jusqu'à 2m pendant 30 min) -Apple Pay (Visa, MasterCard, AMEX certifié) - Versions: -A2221 (Global market) -A2111 (USA, Canada, Puerto Rico, U.S. Virgin Islands) -A2223 (China, Hong Kong)				435295	59.7							809.0	213	Apple iPhone 11
Apple iPhone 11 Pro	XDR OLED	oui, capacitif	Space Gray, Silver, Gold, Midnight Green (matte colors)	"5.8"" pouces"	84.4 cm2	19.5:9 (Hauteur:largeur)	82.1%	1125 x 2436 px	458 PPI	Scratch-resistant glass, oleophobic coating	- Super Retina -800 nits -Dolby Vision -HDR10 -Wide color gamut -True-tone -120 Hz touch-sensing	12 MP, Trois caméras	"-12 MP, f/1.8, 26mm (grand angle), 1/2.55"", 1.4µm, dual pixel PDAF, OIS -12 MP, f/2.0, 52mm (téléobjectif), 1/3.4"", 1.0µm, PDAF, OIS, 2x Zoom optique -12 MP, f/2.4, 13mm (ultra grand angle)"	HDR	2160p@24/30/60fps, 1080p@30/60/120fps, gyro-EIS	117	93	90	12 MP, Deux caméra	-12 MP, f/2.2, 23mm (grand angle) -TOF 3D camera	iOS 13, évolutif à iOS 13.2	- Apple A13 Bionic (7 nm+)	- 6-core (2x2.65 GHz Lightning + 4x1.8 GHz Thunder)	Apple GPU (4-core graphics)	Non	64GB 4GB RAM, 256GB 4GB RAM, 512GB 4GB RAM	545608	456324	1336	3348	5475	13775	2019, septembre	144 Х 71.4 Х 8.1 mm	188 gr.	Panneau avant et arrière de verre, cadre en acier inoxydable	3046 mAh, non amovible, Li-Ion	Temps de conversation - Jusqu'à 18 h Lecture audio - Jusqu'à 65 h	1150 EUR	Nano-SIM and/or Electronic SIM card	Afficher toutes les fréquences du réseau: -2G - GSM 850 / 900 / 1800 / 1900 - SIM 1 & SIM 2 (dual-SIM) - for China CDMA 800 / 1900 -3G - HSDPA 850 / 900 / 1700(AWS) / 1900 / 2100 CDMA2000 1xEV-DO -4G - LTE band 1(2100), 2(1900), 3(1800), 4(1700/2100), 5(850), 7(2600), 8(900), 11(1500), 12(700), 13(700), 17(700), 18(800), 19(800), 20(800), 21(1500), 25(1900), 26(850), 28(700), 29(700), 30(2300), 32(1500), 34(2000), 38(2600), 39(1900), 40(2300), 41(2500), 42(3500), 46(5200), 48, 66(1700/2100) - A2215 LTE band 1(2100), 2(1900), 3(1800), 4(1700/2100), 5(850), 7(2600), 8(900), 12(700), 13(700), 14(700), 17(700), 18(800), 19(800), 20(800), 25(1900), 26(850), 29(700), 30(2300), 34(2000), 38(2600), 39(1900), 40(2300), 41(2500), 42(3500), 46(5200), 48, 66(1700/2100), 71(600) - A2160 LTE band 1(2100), 2(1900), 3(1800), 4(1700/2100), 5(850), 7(2600), 8(900), 12(700), 13(700), 14(700), 17(700), 18(800), 19(800), 20(800), 25(1900), 26(850), 29(700), 30(2300), 34(2000), 38(2600), 39(1900), 40(2300), 41(2500), 42(3500), 46(5200), 48, 66(1700/2100), 71(600) - A2217	HSPA 42.2/5.76 Mbps, LTE-A 1.6 Gbps DL, EV-DO Rev.A 3.1 Mbps	Oui	Oui	Wi-Fi 802.11 a/b/g/n/ac/ax, dual-band, hotspot	Oui, avec A-GPS, GLONASS, GALILEO, QZSS	Oui	2.0, proprietary connecteur réversible	5.0, A2DP, LE	SAR - 1.18 W/kg (tête) 1.16 W/kg (corps) SAR EU - 0.99 W/kg (tête) 0.99 W/kg (corps)	Non	Non	- Suppression active du bruit avec micro dédié -Dolby Atmos sound- Haut-parleurs stéréo	- Capteurs - Face ID reconnaissance faciale, Accéléromètre, Gyroscope, Détecteur de proximité, Boussole, Baromètre - Siri natural language commands and dictation - Technologie de recharge rapide 18W: 50% en 30 minutes - USB Power Delivery 2.0 - Qi Chargement sans fil - IP68 résistant à l'eau et à la poussière (jusqu'à 4m pendant 30 min) -Apple Pay (Visa, MasterCard, AMEX certifié) -Stylus support - Versions: -A2215 (Global market) -A2160 (USA, Canada, Puerto Rico, U.S. Virgin Islands) -A2217 (China, Hong Kong)	92			458830								659.0	102	Apple iPhone 11 Pro
Apple iPhone 11 Pro Max	OLED	oui, capacitif	Space Gray, Silver, Gold, Midnight Green (matte colors)	"6.5"" pouces"	102.9 cm2	19.5:9 (Hauteur:largeur)	83.7%	1242 x 2688 px	458 PPI	Scratch-resistant glass, oleophobic coating	- Super Retina XDR OLED -800 nits -Dolby Vision -HDR10 -Wide color gamut -True-tone -120 Hz touch-sensing	12 MP, Trois caméras	"-12 MP, f/1.8, 26mm (grand angle), 1/2.55"", 1.4µm, dual pixel PDAF, OIS -12 MP, f/2.0, 52mm (téléobjectif), 1/3.4"", 1.0µm, PDAF, OIS, 2x Zoom optique -12 MP, f/2.4, 13mm (ultra grand angle)"	HDR	2160p@24/30/60fps, 1080p@30/60/120fps, gyro-EIS	117	93	90	12 MP, Deux caméra	-12 MP, f/2.2, 23mm (grand angle) -TOF 3D camera	iOS 13, évolutif à iOS 13.2	- Apple A13 Bionic (7 nm+)	- 6-core (2x2.65 GHz Lightning + 4x1.8 GHz Thunder)	Apple GPU (4-core graphics)	Non	64GB 4GB RAM, 256GB 4GB RAM, 512GB 4GB RAM	549717	457954	1334	3518	5483	13789	2019, septembre	158 Х 77.8 Х 8.1 mm	226 gr.	Panneau avant et arrière de verre, cadre en acier inoxydable	3969 mAh, non amovible, Li-Ion	Temps de conversation - Jusqu'à 20 h Lecture audio - Jusqu'à 80 h	1250 EUR	Single SIM (Nano-SIM and/or Electronic SIM card) or Dual SIM (Nano-SIM, mode double veille) - for China	Afficher toutes les fréquences du réseau: -2G - GSM 850 / 900 / 1800 / 1900 - SIM 1 & SIM 2 (dual-SIM) - for China CDMA 800 / 1900 -3G - HSDPA 850 / 900 / 1700(AWS) / 1900 / 2100 CDMA2000 1xEV-DO -4G - LTE band 1(2100), 2(1900), 3(1800), 4(1700/2100), 5(850), 7(2600), 8(900), 11(1500), 12(700), 13(700), 17(700), 18(800), 19(800), 20(800), 21(1500), 25(1900), 26(850), 28(700), 29(700), 30(2300), 32(1500), 34(2000), 38(2600), 39(1900), 40(2300), 41(2500), 42(3500), 46(5200), 48, 66(1700/2100) - A2218 LTE band 1(2100), 2(1900), 3(1800), 4(1700/2100), 5(850), 7(2600), 8(900), 12(700), 13(700), 14(700), 17(700), 18(800), 19(800), 20(800), 25(1900), 26(850), 29(700), 30(2300), 34(2000), 38(2600), 39(1900), 40(2300), 41(2500), 42(3500), 46(5200), 48, 66(1700/2100), 71(600) - A2161 LTE band 1(2100), 2(1900), 3(1800), 4(1700/2100), 5(850), 7(2600), 8(900), 12(700), 13(700), 14(700), 17(700), 18(800), 19(800), 20(800), 25(1900), 26(850), 29(700), 30(2300), 34(2000), 38(2600), 39(1900), 40(2300), 41(2500), 42(3500), 46(5200), 48, 66(1700/2100), 71(600) - A2220	HSPA 42.2/5.76 Mbps, LTE-A 1.6 Gbps DL, EV-DO Rev.A 3.1 Mbps	Oui	Oui	Wi-Fi 802.11 a/b/g/n/ac/ax, dual-band, hotspot	Oui, avec A-GPS, GLONASS, GALILEO, QZSS	Oui	2.0, proprietary connecteur réversible	5.0, A2DP, LE	SAR - 1.16 W/kg (tête) 1.17 W/kg (corps) SAR EU - 0.95 W/kg (tête) 0.99 W/kg (corps)	Non	Non	- Suppression active du bruit avec micro dédié -Dolby Atmos sound- Haut-parleurs stéréo	- Capteurs - Face ID reconnaissance faciale, Accéléromètre, Gyroscope, Détecteur de proximité, Boussole, Baromètre - Siri natural language commands and dictation - Technologie de recharge rapide 18W: 50% en 30 minutes -USB Power Delivery 2.0 -Qi Chargement sans fil - IP68 résistant à l'eau et à la poussière (jusqu'à 4m pendant 30 min) -Apple Pay (Visa, MasterCard, AMEX certifié) -Stylus support - Versions: -A2218 (Global market) -A2161 (USA, Canada, Puerto Rico, U.S. Virgin Islands) -A2220 (China, Hong Kong)	92			456786	60	301.54						755.0	117	Apple iPhone 11 Pro Max
Apple iPhone XR	IPS LCD	oui, capacitif	Black, Red, Yellow, Blue, Coral, White	"6.1"" pouces"	90.3 cm2	19.5:9 (Hauteur:largeur)	79.0%	828 x 1792 px	326 PPI	Scratch-resistant glass, oleophobic coating	- True-tone -Wide color gamut -120 Hz touch-sensing	12 MP, Une caméra	-12 MP, f/1.8, 26mm (grand angle), 1/2.55'', 1.4µm, OIS, PDAF	HDR	1080p@60fps	101	103	96	7 MP, Une caméra	-7 MP, f/2.2, 32mm (standard)	iOS 12, évolutif à iOS 12.1.3	- Apple A12 Bionic (7 nm)	- 6-core (2x2.5 GHz Vortex + 4x1.6 GHz Tempest)	Apple GPU (4-core graphics)	Non	64/128/256 GB, 3 GB RAM	418882	346555			4819	11408	2018, septembre	150.9 Х 75.7 Х 8.3 mm	194 gr.	Panneau avant et arrière de verre, cadre en aluminium (7000 series)	2942 mAh, non amovible, Li-Ion	Temps de conversation - Jusqu'à 25 h (3G) Lecture audio - Jusqu'à 65 h	850 EUR	Nano-SIM, Electronic SIM card (eSIM)	Afficher toutes les fréquences du réseau: -2G - GSM 850 / 900 / 1800 / 1900 CDMA 800 / 1900 -3G - HSDPA 850 / 900 / 1700(AWS) / 1900 / 2100 CDMA2000 1xEV-DO -4G - LTE band 1(2100), 2(1900), 3(1800), 4(1700/2100), 5(850), 7(2600), 8(900), 12(700), 13(700), 14(700), 17(700), 18(800), 19(800), 20(800), 25(1900), 26(850), 29(700), 30(2300), 32(1500), 34(2000), 38(2600), 39(1900), 40(2300), 41(2500), 66(1700/2100), 71(600)	HSPA 42.2/5.76 Mbps, LTE-A	Oui	Oui	Wi-Fi 802.11 a/b/g/n/ac, dual-band, hotspot	Oui, avec A-GPS, GLONASS, GALILEO, QZSS	Oui	2.0, proprietary connecteur réversible	5.0, A2DP, LE		Non	Non	- Suppression active du bruit avec micro dédié- Haut-parleurs stéréo	- Capteurs - Face ID reconnaissance faciale, Accéléromètre, Gyroscope, Détecteur de proximité, Boussole, Baromètre - Technologie de recharge rapide: 50% en 30 minutes -Qi Chargement sans fil -Siri natural language commands and dictation - IP67 résistant à l'eau et à la poussière (jusqu'à 1m pendant 30 min) -Apple Pay (Visa, MasterCard, AMEX certifié)				303307	59.7	265.47	4819	11529				661.0	192	Apple iPhone XR
Apple iPhone XS	Super AMOLED	oui, capacitif	Space Gray, Silver, Gold	"5.8"" pouces"	84.4 cm2	19.5:9 (Hauteur:largeur)	82.9%	1125 x 2436 px	458 PPI	Scratch-resistant glass, oleophobic coating	- Dolby Vision -HDR10 -Wide color gamut -3D Touch -True-tone -120 Hz touch-sensing	12 MP, Deux caméra	-12 MP, f/1.8, 26mm (grand angle), 1/2.55'', 1.4µm, OIS, PDAF -12 MP, f/2.4, 52mm (téléobjectif), 1/3.4'', 1.0µm, OIS, PDAF, 2x Zoom optique	HDR	1080p@60fps	106	81	82	7 MP, Une caméra	-7 MP, f/2.2, 32mm (standard)	iOS 12, évolutif à iOS 12.1.3	- Apple A12 Bionic (7 nm)	- 6-core (2x2.5 GHz Vortex + 4x1.6 GHz Tempest)	Apple GPU (4-core graphics)	Non	64/256/512 GB, 4 GB RAM	452921	356601					2018, septembre	143.6 Х 70.9 Х 7.7 mm	177 gr.	Panneau avant et arrière de verre, cadre en acier inoxydable	2658 mAh, non amovible, Li-Ion	Temps de conversation - Jusqu'à 20 h (3G) Lecture audio - Jusqu'à 60 h	1150 EUR	Nano-SIM, Electronic SIM card (eSIM)	Afficher toutes les fréquences du réseau: -2G - GSM 850 / 900 / 1800 / 1900 CDMA 800 / 1900 -3G - HSDPA 850 / 900 / 1700(AWS) / 1900 / 2100 CDMA2000 1xEV-DO -4G - LTE band 1(2100), 2(1900), 3(1800), 4(1700/2100), 5(850), 7(2600), 8(900), 12(700), 13(700), 14(700), 17(700), 18(800), 19(800), 20(800), 25(1900), 26(850), 28(700), 29(700), 30(2300), 32(1500), 34(2000), 38(2600), 39(1900), 40(2300), 41(2500), 46, 66(1700/2100) - A2097 LTE band 1(2100), 2(1900), 3(1800), 4(1700/2100), 5(850), 7(2600), 8(900), 12(700), 13(700), 14(700), 17(700), 18(800), 19(800), 20(800), 25(1900), 26(850), 29(700), 30(2300), 32(1500), 34(2000), 38(2600), 39(1900), 40(2300), 41(2500), 46, 66(1700/2100), 71(600) - A1920, A2100	HSPA 42.2/5.76 Mbps, LTE-A (4CA) Cat16 1024/150 Mbps, EV-DO Rev.A 3.1 Mbps	Oui	Oui	Wi-Fi 802.11 a/b/g/n/ac, dual-band, hotspot	Oui, avec A-GPS, GLONASS, GALILEO, QZSS	Oui	2.0, proprietary connecteur réversible	5.0, A2DP, LE		Non	Non	- Suppression active du bruit avec micro dédié- Haut-parleurs stéréo	- Capteurs - Face ID reconnaissance faciale, Accéléromètre, Gyroscope, Détecteur de proximité, Boussole, Baromètre - Technologie de recharge rapide: 50% en 30 minutes -Qi Chargement sans fil -Siri natural language commands and dictation - IP68 résistant à l'eau et à la poussière (jusqu'à 2m pendant 30 min) -Apple Pay (Visa, MasterCard, AMEX certifié) - Versions: A2097 (Global market) A1920 (USA, Canada, Puerto Rico, U.S. Virgin Islands) A2100 (China, Hong Kong); A2098 (Japan)	82			358091	59.7	267.92	4806	11416				517.0	185	Apple iPhone XS
Apple iPhone XS Max	Super AMOLED	oui, capacitif	Space Gray, Silver, Gold	"6.5"" pouces"	102.9 cm2	19.5:9 (Hauteur:largeur)	84.4%	1242 x 2688 px	458 PPI	Scratch-resistant glass, oleophobic coating	- Dolby Vision -HDR10 -Wide color gamut -3D Touch -True-tone -120 Hz touch-sensing	12 MP, Deux caméra	-12 MP, f/1.8, 26mm (grand angle), 1/2.55'', 1.4µm, OIS, PDAF -12 MP, f/2.4, 52mm (téléobjectif), 1/3.4'', 1.0µm, OIS, PDAF, 2x Zoom optique	HDR	1080p@60fps	106	81	82	7 MP, Une caméra	-7 MP, f/2.2, 32mm (standard)	iOS 12, évolutif à iOS 12.1.3	- Apple A12 Bionic (7 nm)	- 6-core (2x2.5 GHz Vortex + 4x1.6 GHz Tempest)	Apple GPU (4-core graphics)	Non	64/256/512 GB, 4 GB RAM	449208	354700			4208	10588	2018, septembre	157.5 Х 77.4 Х 7.7 mm	208 gr.	Panneau avant et arrière de verre, cadre en acier inoxydable	3174 mAh, non amovible, Li-Ion	Temps de conversation - Jusqu'à 25 h (3G) Lecture audio - Jusqu'à 65 h	1250 EUR	Single SIM (Nano-SIM)Dual SIM (Nano-SIM, mode double veille) - for China	Afficher toutes les fréquences du réseau: -2G - GSM 850 / 900 / 1800 / 1900 - SIM 1 & SIM 2 (dual-SIM) - for China CDMA 800 / 1900 -3G - HSDPA 850 / 900 / 1700(AWS) / 1900 / 2100 CDMA2000 1xEV-DO -4G - LTE band 1(2100), 2(1900), 3(1800), 4(1700/2100), 5(850), 7(2600), 8(900), 12(700), 13(700), 14(700), 17(700), 18(800), 19(800), 20(800), 25(1900), 26(850), 28(700), 29(700), 30(2300), 32(1500), 34(2000), 38(2600), 39(1900), 40(2300), 41(2500), 46, 66(1700/2100) - A2101 LTE band 1(2100), 2(1900), 3(1800), 4(1700/2100), 5(850), 7(2600), 8(900), 12(700), 13(700), 14(700), 17(700), 18(800), 19(800), 20(800), 25(1900), 26(850), 29(700), 30(2300), 32(1500), 34(2000), 38(2600), 39(1900), 40(2300), 41(2500), 46, 66(1700/2100), 71(600) - A1921 LTE band 1(2100), 2(1900), 3(1800), 4(1700/2100), 5(850), 7(2600), 8(900), 12(700), 13(700), 14(700), 17(700), 18(800), 19(800), 20(800), 25(1900), 26(850), 29(700), 30(2300), 32(1500), 34(2000), 38(2600), 39(1900), 40(2300), 41(2500), 46, 66(1700/2100), 71(600) - A2104	HSPA 42.2/5.76 Mbps, LTE-A (4CA) Cat16 1024/150 Mbps, EV-DO Rev.A 3.1 Mbps	Oui	Oui	Wi-Fi 802.11 a/b/g/n/ac, dual-band, hotspot	Oui, avec A-GPS, GLONASS, GALILEO, QZSS	Oui	2.0, proprietary connecteur réversible	5.0, A2DP, LE		Non	Non	- Suppression active du bruit avec micro dédié- Haut-parleurs stéréo	- Capteurs - Face ID reconnaissance faciale, Accéléromètre, Gyroscope, Détecteur de proximité, Boussole, Baromètre - Technologie de recharge rapide: 50% en 30 minutes -Qi Chargement sans fil -Siri natural language commands and dictation - IP68 résistant à l'eau et à la poussière (jusqu'à 2m pendant 30 min) -Apple Pay (Visa, MasterCard, AMEX certifié) - Versions: A2101 (Global market) A1921 (USA, Canada, Puerto Rico, U.S. Virgin Islands) A2104 (China, Hong Kong); A2102 (Japan)	82			336882	59.3	265.74	4821	11299				574.0	209	Apple iPhone XS Max
Apple iPhone 8	LED-backlit IPS LCD	oui, capacitif	Silver, Space Gray, Gold, Red	"4.7"" pouces"	60.9 cm2	16:9 (Hauteur:largeur)	65.4%	750 x 1334 px	326 PPI	Ion-strengthened glass, oleophobic coating	- Wide color gamut -3D Touch display & home button -True-tone	12 MP, Une caméra	-12 MP, f/1.8, 28mm (grand angle), OIS, PDAF	Face detection, HDR, panorama	1080p@30fps	92	93	90	7 MP, Une caméra	-7 MP, f/2.2	iOS 11, évolutif à iOS 12.1.3	- Apple A11 Bionic (10 nm)	- 6-core (2x Monsoon + 4x Mistral)	Apple GPU (three-core graphics)	Non	64/256 GB, 2 GB RAM	274781	232308					2017, septembre	138.4 Х 67.3 Х 7.3 mm	148 gr.	Panneau avant et arrière de verre, cadre en aluminium	1821 mAh, non amovible, Li-Ion	Temps de conversation - Jusqu'à 14 h (3G) Lecture audio - Jusqu'à 40 h	700 EUR	Nano-SIM	Afficher toutes les fréquences du réseau: -2G - GSM 850 / 900 / 1800 / 1900 -3G - HSDPA 850 / 900 / 1700(AWS) / 1900 / 2100 -4G - LTE band 1(2100), 2(1900), 3(1800), 4(1700/2100), 5(850), 7(2600), 8(900), 12(700), 13(700), 17(700), 18(800), 19(800), 20(800), 25(1900), 26(850), 28(700), 29(700), 30(2300), 34(2000), 38(2600), 39(1900), 40(2300), 41(2500), 66(1700/2100)	HSPA 42.2/5.76 Mbps, LTE-A (3CA) Cat12 600/150 Mbps, EV-DO Rev.A 3.1 Mbps	Oui	Oui	Wi-Fi 802.11 a/b/g/n/ac, dual-band, hotspot	Oui, avec A-GPS, GLONASS, GALILEO, QZSS	Oui	2.0, proprietary connecteur réversible	5.0, A2DP, LE	SAR - 1.32 W/kg (tête) 1.36 W/kg (corps) SAR EU - 1.19 W/kg (tête) 1.17 W/kg (corps)	Non	Non	- Suppression active du bruit avec micro dédié- Haut-parleurs stéréo	- Capteurs - Capteur d'empreintes numériquees (le panneau avant), Accéléromètre, Gyroscope, Détecteur de proximité, Boussole, Baromètre - Technologie de recharge rapide: 50% en 30 minutes -Qi Chargement sans fil -Siri natural language commands and dictation - IP67 résistant à l'eau et à la poussière (jusqu'à 1m pendant 30 min) -Apple Pay (Visa, MasterCard, AMEX certifié) - Versions: A1863 (USA, Hong Kong, Australia, New Zealand, China) A1905 (EMEA, UAE, LATAM, Canada, USA AT&T/T-Mobile, Singapore); A1906 (Japan)				215075	60	225.79	4239	10405	4226	60		517.0	148	Apple iPhone 8
Apple iPhone 8 Plus	LED-backlit IPS LCD	oui, capacitif	Gold, Space Gray, Silver, Red	"5.5"" pouces"	83.4 cm2	16:9 (Hauteur:largeur)	67.4%	1080 x 1920 px	401 PPI	Ion-strengthened glass, oleophobic coating	- Wide color gamut -3D Touch display & home button -True-tone	12 MP, Deux caméra	-12 MP, f/1.8, 28mm (grand angle), OIS, PDAF -12 MP, f/2.8, 57mm (téléobjectif), 2x Zoom optique, PDAF	Face detection, HDR	1080p@30fps	94	96	89	7 MP, Une caméra	-7 MP, f/2.2, 32mm (standard)	iOS 11, évolutif à iOS 12.1.3	- Apple A11 Bionic (10 nm)	- 6-core (2x Monsoon + 4x Mistral)	Apple GPU (three-core graphics)	Non	64/256 GB, 3 GB RAM	305167	232145			4224	10193	2017, septembre	158.4 Х 78.1 Х 7.5 mm	202 gr.	Panneau avant et arrière de verre, cadre en aluminium	2691 mAh, non amovible, Li-Ion	Temps de conversation - Jusqu'à 21 h (3G) Lecture audio - Jusqu'à 60 h	770 EUR	Nano-SIM	Afficher toutes les fréquences du réseau: -2G - GSM 850 / 900 / 1800 / 1900 -3G - HSDPA 850 / 900 / 1700(AWS) / 1900 / 2100 -4G - LTE band 1(2100), 2(1900), 3(1800), 4(1700/2100), 5(850), 7(2600), 8(900), 12(700), 13(700), 17(700), 18(800), 19(800), 20(800), 25(1900), 26(850), 28(700), 29(700), 30(2300), 34(2000), 38(2600), 39(1900), 40(2300), 41(2500), 66(1700/2100)	HSPA 42.2/5.76 Mbps, LTE-A (3CA) Cat12 600/150 Mbps, EV-DO Rev.A 3.1 Mbps	Oui	Oui	Wi-Fi 802.11 a/b/g/n/ac, dual-band, hotspot	Oui, avec A-GPS, GLONASS, GALILEO, QZSS	Oui	2.0, proprietary connecteur réversible	5.0, A2DP, LE	SAR - 1.19 W/kg (tête) 1.19 W/kg (corps) SAR EU - 0.99 W/kg (tête) 0.99 W/kg (corps)	Non	Non	- Suppression active du bruit avec micro dédié- Haut-parleurs stéréo	- Capteurs - Capteur d'empreintes numériquees (le panneau avant), Accéléromètre, Gyroscope, Détecteur de proximité, Boussole, Baromètre - Technologie de recharge rapide: 50% en 30 minutes -Qi Chargement sans fil -Siri natural language commands and dictation - IP67 résistant à l'eau et à la poussière (jusqu'à 1m pendant 30 min) -Apple Pay (Visa, MasterCard, AMEX certifié) - Versions: A1864 (USA, Hong Kong, Australia, New Zealand, China) A1897 (EMEA, UAE, LATAM, Canada, USA AT&T/T-Mobile, Singapore); A1898 (Japan)		2842		220618	59.3	224.62	4243	10330	4103	59.7		635.0	178	Apple iPhone 8 Plus
Apple iPhone X	Super AMOLED	oui, capacitif	Space Gray, Silver	"5.8"" pouces"	84.4 cm2	19.5:9 (Hauteur:largeur)	82.9%	1125 x 2436 px	458 PPI	Scratch-resistant glass, oleophobic coating	- Dolby Vision -HDR10 -Wide color gamut -3D Touch -True-tone -120 Hz touch-sensing	12 MP, Deux caméra	-12 MP, f/1.8, 28mm (grand angle), 1/3'', 1.22µm, OIS, PDAF -12 MP, f/2.4, 52mm (téléobjectif), 1/3.4'', 1.0µm, OIS, PDAF, 2x Zoom optique	HDR	1080p@30fps	97	74	66	7 MP, Une caméra	-7 MP, f/2.2, 32mm (standard)	iOS 11.1.1, évolutif à iOS 12.1.3	- Apple A11 Bionic (10 nm)	- 6-core 2.39 GHz (2x Monsoon + 4x Mistral)	Apple GPU (three-core graphics)	Non	64/256 GB, 3 GB RAM	316142	245200			3226	11951	2017, septembre	143.6 Х 70.9 Х 7.7 mm	174 gr.	Panneau avant et arrière de verre, cadre en acier inoxydable	2716 mAh, non amovible, Li-Ion	Temps de conversation - Jusqu'à 21 h (3G) Lecture audio - Jusqu'à 60 h	1000 EUR	Nano-SIM	Afficher toutes les fréquences du réseau: -2G - GSM 850 / 900 / 1800 / 1900 -3G - HSDPA 850 / 900 / 1700(AWS) / 1900 / 2100 -4G - LTE band 1(2100), 2(1900), 3(1800), 4(1700/2100), 5(850), 7(2600), 8(900), 12(700), 13(700), 17(700), 18(800), 19(800), 20(800), 25(1900), 26(850), 28(700), 29(700), 30(2300), 34(2000), 38(2600), 39(1900), 40(2300), 41(2500), 66(1700/2100)	HSPA 42.2/5.76 Mbps, LTE-A (3CA) Cat12 600/150 Mbps, EV-DO Rev.A 3.1 Mbps	Oui	Oui	Wi-Fi 802.11 a/b/g/n/ac, dual-band, hotspot	Oui, avec A-GPS, GLONASS, GALILEO, QZSS	Oui	2.0, proprietary connecteur réversible	5.0, A2DP, LE	SAR - 1.09 W/kg (tête) 1.17 W/kg (corps)	Non	Non	- Suppression active du bruit avec micro dédié- Haut-parleurs stéréo	- Capteurs - Face ID reconnaissance faciale, Accéléromètre, Gyroscope, Détecteur de proximité, Boussole, Baromètre - Technologie de recharge rapide: 50% en 30 minutes -Qi Chargement sans fil -Siri natural language commands and dictation - IP67 résistant à l'eau et à la poussière (jusqu'à 1m pendant 30 min) -Apple Pay (Visa, MasterCard, AMEX certifié) - Autres noms: Apple iPhone 10, Apple iPhone Ten Versions: A1865 (USA, Hong Kong, Australia, New Zealand, China) A1901 (EMEA, UAE, LATAM, Canada, USA AT&T/T-Mobile, Singapore)	71			224538	58.75	218.98	4244	10401	3916			521.0	189	Apple iPhone X
Apple iPhone 7	LED-backlit IPS LCD	oui, capacitif	Jet Black, Black, Silver, Gold, Rose Gold, Red	"4.7"" pouces"	60.9 cm2	16:9 (Hauteur:largeur)	65.6%	750 x 1334 px	326 PPI	Ion-strengthened glass, oleophobic coating	- Wide color gamut -3D Touch display & home button	12 MP, Une caméra	-12 MP, f/1.8, 28mm (grand angle), 1/3'', OIS, PDAF	Face detection, HDR, panorama	1080p@30fps	85	85	85	7 MP, Une caméra	-7 MP, f/2.2, 32mm (standard)	iOS 10.0.1, évolutif à iOS 12.1.3	- Apple A10 Fusion (16 nm)	- 4-core 2.34 GHz (2x Hurricane + 2x Zephyr)	PowerVR Series7XT Plus (six-core graphics)	Non	32/128/256 GB, 2 GB RAM	200633	178965			3410	5745	2016, septembre	138.3 Х 67.1 Х 7.1 mm	138 gr.	Panneau avant en verre, corps en aluminium	1960 mAh, non amovible, Li-Ion	Temps de conversation - Jusqu'à 14 h (3G) Lecture audio - Jusqu'à 40 h	550 EUR	Nano-SIM	Afficher toutes les fréquences du réseau: -2G - GSM 850 / 900 / 1800 / 1900 - A1660, A1778 CDMA 800 / 1900 / 2100 - A1660 -3G - HSDPA 850 / 900 / 1700(AWS) / 1900 / 2100 - A1660, A1778 CDMA2000 1xEV-DO & TD-SCDMA - A1660 -4G - LTE band 1(2100), 2(1900), 3(1800), 4(1700/2100), 5(850), 7(2600), 8(900), 12(700), 13(700), 17(700), 18(800), 19(800), 20(800), 25(1900), 26(850), 27(800), 28(700), 29(700), 30(2300), 38(2600), 39(1900), 40(2300), 41(2500) - A1660, A1778	HSPA 42.2/5.76 Mbps, LTE-A (3CA) Cat9 450/50 Mbps, EV-DO Rev.A 3.1 Mbps	Oui	Oui	Wi-Fi 802.11 a/b/g/n/ac, dual-band, hotspot	Oui, avec A-GPS, GLONASS, GALILEO, QZSS	Oui	2.0, proprietary connecteur réversible	4.2, A2DP, LE	SAR - 1.19 W/kg (tête) 1.19 W/kg (corps) SAR EU - 1.38 W/kg (tête) 1.34 W/kg (corps)	Non	Non	- Suppression active du bruit avec micro dédié- Haut-parleurs stéréo	- Capteurs - Capteur d'empreintes numériquees (le panneau avant), Accéléromètre, Gyroscope, Détecteur de proximité, Boussole, Baromètre - Siri natural language commands and dictation - IP67 résistant à l'eau et à la poussière (jusqu'à 1m pendant 30 min) -Apple Pay (Visa, MasterCard, AMEX certifié)		1927		168795	59.1	144.71	3464	5605	3355	57.3		466.0	141	Apple iPhone 7
Apple iPhone 7 Plus	LED-backlit IPS LCD	oui, capacitif	Jet Black, Black, Silver, Gold, Rose Gold, Red	"5.5"" pouces"	83.4 cm2	16:9 (Hauteur:largeur)	67.7%	1080 x 1920 px	401 PPI	Ion-strengthened glass, oleophobic coating	- Wide color gamut -3D Touch display & home button	12 MP, Deux caméra	-12 MP, f/1.8, 28mm (grand angle), 1/3'', OIS, PDAF -12 MP, f/2.8, 56mm (téléobjectif), 1/3.6'', 2x Zoom optique, AF	Face detection, HDR	1080p@30fps	88	90	84	7 MP, Une caméra	-7 MP, f/2.2, 32mm (standard)	iOS 10.0.1, évolutif à iOS 12.1.3	- Apple A10 Fusion (16 nm)	- 4-core 2.34 GHz (2x Hurricane + 2x Zephyr)	PowerVR Series7XT Plus (six-core graphics)	Non	32/128/256 GB, 3 GB RAM	239508	181234			3441	5797	2016, septembre	158.2 Х 77.9 Х 7.3 mm	188 gr.	Panneau avant en verre, body	2900 mAh, non amovible, Li-Ion	Mode veille - Jusqu'à 384 h (3G) Temps de conversation - Jusqu'à 21 h (3G) Lecture audio - Jusqu'à 60 h	690 EUR	Nano-SIM	Afficher toutes les fréquences du réseau: -2G - GSM 850 / 900 / 1800 / 1900 - A1661, A1784 CDMA 800 / 1900 / 2100 - A1661 -3G - HSDPA 850 / 900 / 1700(AWS) / 1900 / 2100 - A1661, A1784 CDMA2000 1xEV-DO & TD-SCDMA - A1661 -4G - LTE band 1(2100), 2(1900), 3(1800), 4(1700/2100), 5(850), 7(2600), 8(900), 12(700), 13(700), 17(700), 18(800), 19(800), 20(800), 25(1900), 26(850), 27(800), 28(700), 29(700), 30(2300), 38(2600), 39(1900), 40(2300), 41(2500) - A1661, A1784	HSPA 42.2/5.76 Mbps, LTE-A (3CA) Cat9 450/50 Mbps, EV-DO Rev.A 3.1 Mbps	Oui	Oui	Wi-Fi 802.11 a/b/g/n/ac, dual-band, hotspot	Oui, avec A-GPS, GLONASS, GALILEO, QZSS	Oui	2.0, proprietary connecteur réversible	4.2, A2DP, LE	SAR - 1.19 W/kg (tête) 1.19 W/kg (corps) SAR EU - 1.24 W/kg (tête) 1.00 W/kg (corps)	Non	Non	- Suppression active du bruit avec micro dédié- Haut-parleurs stéréo	- Capteurs - Capteur d'empreintes numériquees (le panneau avant), Accéléromètre, Gyroscope, Détecteur de proximité, Boussole, Baromètre - Siri natural language commands and dictation - IP67 résistant à l'eau et à la poussière (jusqu'à 1m pendant 30 min) -Apple Pay (Visa, MasterCard, AMEX certifié)		2329		179811	55.8	167.76	3443	5619	3119	58.2		545.0	197	Apple iPhone 7 Plus
Apple iPhone SE	LED-backlit IPS LCD	oui, capacitif	Space Gray, Silver, Gold, Rose Gold	"4"" pouces"	44.1 cm2	16:9 (Hauteur:largeur)	60.8%	640 x 1136 px	326 PPI			12 MP, Une caméra	-12 MP, f/2.2, 29mm (standard), 1/3'', 1.22µm, PDAF	Face detection, HDR, panorama	720p@30fps				1.2 MP, Une caméra	-1.2 MP, f/2.4, 31mm (standard)	iOS 9.3.2, évolutif à iOS 12.1.3	- Apple A9 (14 nm)	- 2-core 1.84 GHz Twister	PowerVR GT7600 (six-core graphics)	Non	16/32/64/128 GB, 2 GB RAM	197349	131789					2016, mars	123.8 Х 58.6 Х 7.6 mm	113 gr.	Panneau avant en verre, corps en aluminium	1624 mAh, non amovible, Li-Po	Mode veille - Jusqu'à 240 h (2G) / Jusqu'à 240 h (3G) Temps de conversation - Jusqu'à 14 h (3G) Lecture audio - Jusqu'à 50 h	300 EUR	Nano-SIM	Afficher toutes les fréquences du réseau: -2G - GSM 850 / 900 / 1800 / 1900 - A1662, A1723 CDMA 800 / 1900 - A1662, A1723 -3G - HSDPA 800 / 850 / 900 / 1700(AWS) / 1900 / 2100 - A1662, A1723 CDMA2000 1xEV-DO - A1662, A1723 TD‑SCDMA - A1723 -4G - LTE band 1(2100), 2(1900), 3(1800), 4(1700/2100), 5(850), 8(900), 12(700), 13(700), 17(700), 18(800), 19(800), 20(800), 25(1900), 26(850), 29(700) - A1662 LTE band 1(2100), 2(1900), 3(1800), 4(1700/2100), 5(850), 7(2600), 8(900), 12(700), 17(700), 18(800), 19(800), 20(800), 25(1900), 26(850), 28(700), 38(2600), 39(1900), 40(2300), 41(2500) - A1723	HSPA, LTE-A Cat4 150/50 Mbps	Oui	Oui	Wi-Fi 802.11 a/b/g/n/ac, hotspot	Oui, avec A-GPS, GLONASS	Oui (Apple Pay only)	2.0, proprietary connecteur réversible	4.2, A2DP, LE	SAR - 1.17 W/kg (tête) 1.19 W/kg (corps) SAR EU - 0.72 W/kg (tête) 0.97 W/kg (corps)	Non	Oui	- 16-bit/44.1kHz audio -Suppression active du bruit avec micro dédié	- Capteurs - Capteur d'empreintes numériquees (le panneau avant), Accéléromètre, Gyroscope, Détecteur de proximité, Boussole - Siri natural language commands and dictation - Apple Pay (Visa, MasterCard, AMEX certifié) - Supported LTE Networks				117207.66	56.65	120.4	2410	4041	2098.66	59.55		461.0	155	Apple iPhone SE
Apple iPhone 6s	LED-backlit IPS LCD	oui, capacitif	Space Gray, Silver, Gold, Rose Gold	"4.7"" pouces"	60.9 cm2	16:9 (Hauteur:largeur)	65.6%	750 x 1334 px	326 PPI	Ion-strengthened glass, oleophobic coating	- 3D Touch	12 MP, Une caméra	-12 MP, f/2.2, 29mm (standard), 1/3'', 1.22µm, PDAF	Face detection, HDR, panorama	1080p@30fps				5 MP, Une caméra	-5 MP, f/2.2, 31mm (standard)	iOS 9, évolutif à iOS 12.1.3	- Apple A9 (14 nm)	- 2-core 1.84 GHz Twister	PowerVR GT7600 (six-core graphics)	Non	16/32/64/128 GB, 2 GB RAM	148076	133981			2273	3928	2015, septembre	138.3 Х 67.1 Х 7.1 mm	143 gr.	Panneau avant en verre, corps en aluminium	1715 mAh, non amovible, Li-Ion	Mode veille - Jusqu'à 240 h (3G) Temps de conversation - Jusqu'à 14 h (3G) Lecture audio - Jusqu'à 50 h	500 EUR	Nano-SIM	Afficher toutes les fréquences du réseau: -2G - GSM 850 / 900 / 1800 / 1900 CDMA 800 / 1700 / 1900 / 2100 -3G - HSDPA 850 / 900 / 1700 / 1900 / 2100 CDMA2000 1xEV-DO -4G - LTE band 1(2100), 2(1900), 3(1800), 4(1700/2100), 5(850), 7(2600), 8(900), 12(700), 13(700), 17(700), 18(800), 19(800), 20(800), 25(1900), 26(850), 28(700), 29(700) - A1688 LTE band 1(2100), 2(1900), 3(1800), 4(1700/2100), 5(850), 7(2600), 8(900), 12(700), 13(700), 17(700), 18(800), 19(800), 20(800), 25(1900), 26(850), 28(700), 29(700), 30(2300), 38(2600), 39(1900), 40(2300), 41(2500) - A1687	HSPA 42.2/5.76 Mbps, LTE-A (2CA) Cat6 300/50 Mbps, EV-DO Rev.A 3.1 Mbps	Oui	Oui	Wi-Fi 802.11 a/b/g/n/ac, dual-band, hotspot	Oui, avec A-GPS, GLONASS, GALILEO, QZSS	Oui (Apple Pay only)	2.0, proprietary connecteur réversible	4.2, A2DP, LE	SAR - 1.14 W/kg (tête) 1.14 W/kg (corps) SAR EU - 0.87 W/kg (tête) 0.98 W/kg (corps)	Non	Oui	- 16-bit/44.1kHz audio -Suppression active du bruit avec micro dédié	- Capteurs - Capteur d'empreintes numériquees (le panneau avant), Accéléromètre, Gyroscope, Détecteur de proximité, Boussole, Baromètre - Siri natural language commands and dictation - Apple Pay (Visa, MasterCard, AMEX certifié)		1488		59075	56.1	118.91	2373	3979	2139	59.1		495.0	150	Apple iPhone 6s
Apple iPhone 6s Plus	LED-backlit IPS LCD	oui, capacitif	Space Gray, Silver, Gold, Rose Gold	"5.5"" pouces"	83.4 cm2	16:9 (Hauteur:largeur)	67.7%	1080 x 1920 px	401 PPI	Ion-strengthened glass, oleophobic coating	- 3D Touch display	12 MP, Une caméra	-12 MP, f/2.2, 29mm (standard), 1/3'', 1.22µm, OIS, PDAF	Face detection, HDR, panorama	1080p@30fps				5 MP, Une caméra	-5 MP, f/2.2, 31mm (standard)	iOS 9, évolutif à iOS 12.1.3	- Apple A9 (14 nm)	- 2-core 1.84 GHz Twister	PowerVR GT7600 (six-core graphics)	Non	16/32/64/128 GB, 2 GB RAM	190294	133258					2015, septembre	158.2 Х 77.9 Х 7.3 mm	192 gr.	Panneau avant en verre, corps en aluminium	2750 mAh, non amovible, Li-Ion	Mode veille - Jusqu'à 384 h (3G) Temps de conversation - Jusqu'à 24 h (3G) Lecture audio - Jusqu'à 80 h	470 EUR	Nano-SIM	Afficher toutes les fréquences du réseau: -2G - GSM 850 / 900 / 1800 / 1900 CDMA 800 / 1700 / 1900 / 2100 -3G - HSDPA 850 / 900 / 1700 / 1900 / 2100 CDMA2000 1xEV-DO -4G - LTE band 1(2100), 2(1900), 3(1800), 4(1700/2100), 5(850), 7(2600), 8(900), 12(700), 13(700), 17(700), 18(800), 19(800), 20(800), 25(1900), 26(850), 28(700), 29(700), 30(2300) - A1633 LTE band 1(2100), 2(1900), 3(1800), 4(1700/2100), 5(850), 7(2600), 8(900), 12(700), 13(700), 17(700), 18(800), 19(800), 20(800), 25(1900), 26(850), 28(700), 29(700), 30(2300), 38(2600), 39(1900), 40(2300), 41(2500) - A1634	HSPA 42.2/5.76 Mbps, LTE-A (2CA) Cat6 300/50 Mbps, EV-DO Rev.A 3.1 Mbps	Oui	Oui	Wi-Fi 802.11 a/b/g/n/ac, dual-band, hotspot	Oui, avec A-GPS, GLONASS, GALILEO, QZSS	Oui (Apple Pay only)	2.0, proprietary connecteur réversible	4.2, A2DP, LE	SAR - 1.12 W/kg (tête) 1.14 W/kg (corps) SAR EU - 0.93 W/kg (tête) 0.98 W/kg (corps)	Non	Oui	- 16-bit/44.1kHz audio -Suppression active du bruit avec micro dédié	- Capteurs - Capteur d'empreintes numériquees (le panneau avant), Accéléromètre, Gyroscope, Détecteur de proximité, Boussole, Baromètre - Siri natural language commands and dictation - Apple Pay (Visa, MasterCard, AMEX certifié)				58664	38.4	120.14	2398	4015	2032	59		551.0	165	Apple iPhone 6s Plus
Apple iPhone 6	LED-backlit IPS LCD	oui, capacitif	Space Gray, Silver, Gold	"4.7"" pouces"	60.9 cm2	16:9 (Hauteur:largeur)	65.8%	750 x 1334 px	326 PPI	Ion-strengthened glass, oleophobic coating		8 MP, Une caméra	-8 MP, f/2.2, 29mm (standard), 1/3'', 1.5µm, PDAF	face detection, HDR, FaceTime over Wi-Fi or Cellular	720p@30fps	73	70	78	1.2 MP, Une caméra	-1.2 MP, f/2.2, 31mm (standard)	iOS 8, évolutif à iOS 12.1.3	- Apple A8 (20 nm)	- 2-core 1.4 GHz Typhoon (ARM v8-based)	PowerVR GX6450 (quad-core graphics)	Non	16/32/64/128 GB, 1 GB RAM DDR3		79202					2014, septembre	138.1 Х 67 Х 6.9 mm	129 gr.	Panneau avant en verre, corps en aluminium	1810 mAh, non amovible, Li-Po	Mode veille - Jusqu'à 250 h (3G) Temps de conversation - Jusqu'à 14 h (3G) Lecture audio - Jusqu'à 50 h	360 EUR	Nano-SIM	Afficher toutes les fréquences du réseau: -2G - GSM 850 / 900 / 1800 / 1900 - A1549 (GSM), A1549 (CDMA), A1586 CDMA 800 / 1700 / 1900 / 2100 - A1549 (CDMA), A1586 -3G - HSDPA 850 / 900 / 1700 / 1900 / 2100 - A1549 (GSM), A1549 (CDMA), A1586 CDMA2000 1xEV-DO - A1549 (CDMA), A1586 TD-SCDMA - A1586 -4G - LTE band 1(2100), 2(1900), 3(1800), 4(1700/2100), 5(850), 7(2600), 8(900), 13(700), 17(700), 18(800), 19(800), 20(800), 25(1900), 26(850), 28(700), 29(700) - A1549 GSM, A1549 CDMA LTE band 1(2100), 2(1900), 3(1800), 4(1700/2100), 5(850), 7(2600), 8(900), 13(700), 17(700), 18(800), 19(800), 20(800), 25(1900), 26(850), 28(700), 29(700), 38(2600), 39(1900), 40(2300), 41(2500) - A1586	HSPA 42.2/5.76 Mbps, LTE-A Cat4 150/50 Mbps, EV-DO Rev.A 3.1 Mbps	Oui	Oui	Wi-Fi 802.11 a/b/g/n/ac, dual-band, hotspot	Oui, avec A-GPS, GLONASS	Oui (Apple Pay only)	2.0, proprietary connecteur réversible	4.0, A2DP, LE	SAR - 1.18 W/kg (tête) 1.18 W/kg (corps) SAR EU - 0.98 W/kg (tête) 0.97 W/kg (corps)	Non	Oui	- 16-bit/44.1kHz audio -Suppression active du bruit avec micro dédié	- Capteurs - Capteur d'empreintes numériquees (le panneau avant), Accéléromètre, Gyroscope, Détecteur de proximité, Boussole, Baromètre - Siri natural language commands and dictation - Apple Pay (Visa, MasterCard, AMEX certifié)				50888	25.8	67.485			1239	48.9		322.0	147	Apple iPhone 6
Apple iPhone 6 Plus	LED-backlit IPS LCD	oui, capacitif	Space Gray, Silver, Gold	"5.5"" pouces"	83.4 cm2	16:9 (Hauteur:largeur)	67.8%	1080 x 1920 px	401 PPI	Ion-strengthened glass, oleophobic coating		8 MP, Une caméra	-8 MP, f/2.2, 29mm (standard), 1/3'', 1.5µm, OIS, PDAF	face detection, HDR, FaceTime over Wi-Fi or Cellular	720p@30fps				1.2 MP, Une caméra	-1.2 MP, f/2.2, 31mm (standard)	iOS 8, évolutif à iOS 12.1.3	- Apple A8 (20 nm)	- 2-core 1.4 GHz Typhoon (ARM v8-based)	PowerVR GX6450 (quad-core graphics)	Non	16/64/128 GB, 1 GB RAM DDR3		69215					2014, septembre	158.1 Х 77.8 Х 7.1 mm	172 gr.	Panneau avant en verre, corps en aluminium	2915 mAh, non amovible, Li-Po	Mode veille - Jusqu'à 384 h (3G) Temps de conversation - Jusqu'à 24 h (3G) Lecture audio - Jusqu'à 80 h	420 EUR	Nano-SIM	Afficher toutes les fréquences du réseau: -2G - GSM 850 / 900 / 1800 / 1900 - A1522 (GSM), A1522 (CDMA), A1524 CDMA 800 / 1700 / 1900 / 2100 - A1522 (CDMA), A1524 -3G - HSDPA 850 / 900 / 1700 / 1900 / 2100 - A1522 (GSM), A1522 (CDMA), A1524 CDMA2000 1xEV-DO - A1522 (CDMA), A1524 TD-SCDMA - A1524 -4G - LTE band 1(2100), 2(1900), 3(1800), 4(1700/2100), 5(850), 7(2600), 8(900), 13(700), 17(700), 18(800), 19(800), 20(800), 25(1900), 26(850), 28(700), 29(700) - A1522 GSM, A1522 CDMA LTE band 1(2100), 2(1900), 3(1800), 4(1700/2100), 5(850), 7(2600), 8(900), 13(700), 17(700), 18(800), 19(800), 20(800), 25(1900), 26(850), 28(700), 29(700), 38(2600), 39(1900), 40(2300), 41(2500) - A1524	HSPA 42.2/5.76 Mbps, LTE-A Cat4 150/50 Mbps, EV-DO Rev.A 3.1 Mbps	Oui	Oui	Wi-Fi 802.11 a/b/g/n/ac, dual-band, hotspot	Oui, avec A-GPS, GLONASS	Oui (Apple Pay only)	2.0, proprietary connecteur réversible	4.0, A2DP, LE	SAR - 1.19 W/kg (tête) 1.19 W/kg (corps) SAR EU - 0.99 W/kg (tête) 0.91 W/kg (corps)	Non	Oui	- 16-bit/44.1kHz audio -Suppression active du bruit avec micro dédié	- Capteurs - Capteur d'empreintes numériquees (le panneau avant), Accéléromètre, Gyroscope, Détecteur de proximité, Boussole, Baromètre - Siri natural language commands and dictation - Apple Pay (Visa, MasterCard, AMEX certifié)					18.4				1382	40.9		392.0	171	Apple iPhone 6 Plus
Apple iPhone 5c	LED-backlit IPS LCD	oui, capacitif	White, Blue, Green, Yellow, Pink	"4"" pouces"	44.1 cm2	16:9 (Hauteur:largeur)	59.9%	640 x 1136 px	326 PPI			8 MP, Une caméra	-8 MP, f/2.4, 33mm (standard), 1/3.2'', 1.4µm, AF	face detection, FaceTime over Wi-Fi or Cellular	720p@30fps				1.2 MP, Une caméra	-1.2 MP	iOS 7, évolutif à iOS 10.3.3	- Apple A6 (32 nm)	- 2-core 1.3 GHz Swift (ARM v7-based)	PowerVR SGX 543MP3 (triple-core graphics)	Non	8/16/32 GB, 1 GB RAM		27412					2013, septembre	124.4 Х 59.2 Х 9 mm	132 gr.	Panneau avant en verre, corps en plastique	1510 mAh, non amovible, Li-Po	Mode veille - Jusqu'à 250 h (2G) / Jusqu'à 250 h (3G) Temps de conversation - Jusqu'à 10 h (3G) Lecture audio - Jusqu'à 40 h	300 EUR	Nano-SIM	Afficher toutes les fréquences du réseau: -2G - GSM 850 / 900 / 1800 / 1900 - all versions CDMA 800 / 1700 / 1900 / 2100 - A1532 (CDMA), A1456 -3G - HSDPA 850 / 900 / 1700 / 1900 / 2100 - A1532 (GSM), A1532 (CDMA), A1456 HSDPA 850 / 900 / 1900 / 2100 - A1507, A1529CDMA2000 1xEV-DO - A1533 (CDMA), A1453 -4G - LTE band 1(2100), 2(1900), 3(1800), 4(1700/2100), 5(850), 8(900), 13(700), 17(700), 19(800), 20(800), 25(1900) - A1532 GSM, A1532 CDMA LTE band 1(2100), 2(1900), 3(1800), 4(1700/2100), 5(850), 8(900), 13(700), 17(700), 18(800), 19(800), 20(800), 25(1900), 26(850) - A1456 LTE band 1(2100), 2(1900), 3(1800), 5(850), 7(2600), 8(900), 20(800) - A1507 LTE band 1(2100), 2(1900), 3(1800), 5(850), 7(2600), 8(900), 20(800), 38(2600), 39(1900), 40(2300) - A1529	HSPA 42.2/5.76 Mbps, LTE Cat3 100/50 Mbps, EV-DO Rev.A 3.1 Mbps	Oui	Oui	Wi-Fi 802.11 b/g/n, hotspot	Oui, avec A-GPS, GLONASS	Non	2.0, proprietary connecteur réversible	4.0, A2DP, LE	SAR - 1.15 W/kg (tête) 1.17 W/kg (corps) SAR EU - 1.00 W/kg (tête) 0.96 W/kg (corps)	Non	Oui	- 16-bit/44.1kHz audio -Suppression active du bruit avec micro dédié	- Capteurs - Accéléromètre, Gyroscope, Détecteur de proximité, Boussole - Siri natural language commands and dictation - Supported LTE Networks														Apple iPhone 5c
Apple iPhone 5s	LED-backlit IPS LCD	oui, capacitif	Space Gray, White/Silver, Gold	"4"" pouces"	44.1 cm2	16:9 (Hauteur:largeur)	60.8%	640 x 1136 px	326 PPI	Corning Gorilla Glass, oleophobic coating		8 MP, Une caméra	-8 MP, f/2.2, 29mm (standard), 1/3'', 1.5µm, AF	face detection, HDR, FaceTime over Wi-Fi or Cellular	720p@30fps	68	69	66	1.2 MP, Une caméra	-1.2 MP, f/2.4, 31mm (standard)	iOS 7, évolutif à iOS 12.1.3	- Apple A7 (28 nm)	- 2-core 1.3 GHz Cyclone (ARM v8-based)	PowerVR G6430 (quad-core graphics)	Non	16/32/64 GB, 1 GB RAM DDR3		61322					2013, septembre	123.8 Х 58.6 Х 7.6 mm	112 gr.	Panneau avant en verre, corps en aluminium	1560 mAh, non amovible, Li-Po	Mode veille - Jusqu'à 250 h (2G) / Jusqu'à 250 h (3G) Temps de conversation - Jusqu'à 10 h (2G) / Jusqu'à 10 h (3G) Lecture audio - Jusqu'à 40 h	330 EUR	Nano-SIM	Afficher toutes les fréquences du réseau: -2G - GSM 850 / 900 / 1800 / 1900 - all models CDMA 800 / 1700 / 1900 / 2100 - A1533 (CDMA), A1453 -3G - HSDPA 850 / 900 / 1700 / 1900 / 2100 - A1533 (GSM), A1453 CDMA2000 1xEV-DO - A1533 (CDMA), A1453 HSDPA 850 / 900 / 1900 / 2100 - A1457, A1530 -4G - LTE band 1(2100), 2(1900), 3(1800), 4(1700/2100), 5(850), 8(900), 13(700), 17(700), 19(800), 20(800), 25(1900) - A1533 GSM, A1533 CDMA LTE band 1(2100), 2(1900), 3(1800), 4(1700/2100), 5(850), 8(900), 13(700), 17(700), 18(800), 19(800), 20(800), 25(1900), 26(850) - A1453 LTE band 1(2100), 2(1900), 3(1800), 5(850), 7(2600), 8(900), 20(800) - A1457 LTE band 1(2100), 2(1900), 3(1800), 5(850), 7(2600), 8(900), 20(800), 38(2600), 39(1900), 40(2300) - A1530	HSPA 42.2/5.76 Mbps, LTE Cat3 100/50 Mbps, EV-DO Rev.A 3.1 Mbps	Oui	Oui	Wi-Fi 802.11 a/b/g/n, dual-band, hotspot	Oui, avec A-GPS, GLONASS	Non	2.0, proprietary connecteur réversible	4.0, A2DP	SAR - 1.12 W/kg (tête) 1.18 W/kg (corps) SAR EU - 1.00 W/kg (tête) 0.80 W/kg (corps)	Non	Oui	- 16-bit/44.1kHz audio -Suppression active du bruit avec micro dédié	- Capteurs - Capteur d'empreintes numériquees (le panneau avant), Accéléromètre, Gyroscope, Détecteur de proximité, Boussole - Siri natural language commands and dictation - Supported LTE Networks										35		302.0		Apple iPhone 5s
Apple iPhone 5	LED-backlit IPS LCD	oui, capacitif	Black/Slate, White/Silver	"4"" pouces"	44.1 cm2	16:9 (Hauteur:largeur)	60.8%	640 x 1136 px	326 PPI	Corning Gorilla Glass, oleophobic coating		8 MP, Une caméra	-8 MP, f/2.4, 33mm (standard), 1/3.2'', 1.4µm, AF	face detection, FaceTime over Wi-Fi or Cellular	720p@30fps				1.2 MP, Une caméra	-1.2 MP, f/2.4, 35mm (standard)	iOS 6, évolutif à iOS 10.3.3	- Apple A6 (32 nm)	- 2-core 1.3 GHz Swift (ARM v7-based)	PowerVR SGX 543MP3 (triple-core graphics)	Non	16/32/64 GB, 1 GB RAM DDR2		13215					2012, septembre	123.8 Х 58.6 Х 7.6 mm	112 gr.	Panneau avant en verre, corps en aluminium	1440 mAh, non amovible, Li-Po	Mode veille - Jusqu'à 225 h (2G) / Jusqu'à 225 h (3G) Temps de conversation - Jusqu'à 8 h (2G) / Jusqu'à 8 h (3G) Lecture audio - Jusqu'à 40 h	340 EUR	Nano-SIM	Afficher toutes les fréquences du réseau: -2G - GSM 850 / 900 / 1800 / 1900 - GSM A1428 CDMA 800 / 1900 / 2100 - CDMA A1429 -3G - HSDPA 850 / 900 / 1700 / 1900 / 2100 - GSM A1428 CDMA2000 1xEV-DO - CDMA A1429 -4G - LTE band 4(1700/2100), 17(700) - GSM A1428 LTE 700 / 850 / 1800 / 1900 / 2100 - CDMA A1429 LTE 850 / 1800 / 2100 - GSM A1429	HSPA 42.2/5.76 Mbps, LTE Cat3 100/50 Mbps, EV-DO Rev.A 3.1 Mbps	Oui	Oui	Wi-Fi 802.11 a/b/g/n, dual-band, hotspot	Oui, avec A-GPS, GLONASS	Non	2.0, proprietary connecteur réversible	4.0, A2DP, LE	SAR - 1.18 W/kg (tête) 1.18 W/kg (corps) SAR EU - 0.95 W/kg (tête) 0.90 W/kg (corps)	Non	Oui	- 16-bit/44.1kHz audio -Suppression active du bruit avec micro dédié	- Capteurs - Accéléromètre, Gyroscope, Détecteur de proximité, Boussole - Siri natural language commands and dictation - Supported LTE Networks										13		262.0		Apple iPhone 5
Apple iPhone 4 CDMA	LED-backlit IPS LCD	oui, capacitif	Black, White	"3.5"" pouces"	36.5 cm2	3:2 (Hauteur:largeur)	54.0%	640 x 960 px	330 PPI	Corning Gorilla Glass, oleophobic coating		5 MP, Une caméra	-5 MP, AF	LED flash, HDR	720p@30fps				0.3 MP, Une caméra	-Videocalling over Wi-Fi only	iOS 4, évolutif à iOS 7.1.1	- Apple A4 (45 nm)	1.0 GHz Cortex-A8	PowerVR SGX535	Non	16/32 GB, 512 MB RAM		4798					2011, janvier	115.2 Х 58.6 Х 9.3 mm	137 gr.		1420 mAh, non amovible, Li-Po		150 EUR	Micro-SIM	Afficher toutes les fréquences du réseau: -2G - CDMA 800 / 1900	EV-DO Rev.A 3.1 Mbps	No	No	Wi-Fi 802.11 b/g/n	Oui, avec A-GPS	Non	2.0	2.1, A2DP	SAR - 1.18 W/kg (tête) 0.87 W/kg (corps)	Non	Oui	- Suppression active du bruit avec micro dédié	- Capteurs - Accéléromètre, Gyroscope, Détecteur de proximité, Boussole - iCloud cloud service -MP3/WAV player -MP4/H.264 player -Document viewer														Apple iPhone 4 CDMA
Apple iPhone 4s	LED-backlit IPS LCD	oui, capacitif	Black, White	"3.5"" pouces"	36.5 cm2	3:2 (Hauteur:largeur)	54.0%	640 x 960 px	330 PPI	Corning Gorilla Glass, oleophobic coating		8 MP, Une caméra	-8 MP, f/2.4, 35mm (standard), 1/3.2'', 1.4µm, AF	LED flash, panorama, HDR	480p@30fps				0.3 MP, Une caméra	-VGA, videocalling over Wi-Fi and 3G	iOS 5, évolutif à iOS 9.3.5	- Apple A5 (45 nm)	- 2-core 1.0 GHz Cortex-A9	PowerVR SGX543MP2	Non	8/16/32/64 GB, 512 MB RAM		11417					2011, octobre	115.2 Х 58.6 Х 9.3 mm	140 gr.	Panneau avant et arrière de verre , cadre en aluminium	1432 mAh, non amovible, Li-Po	Mode veille - Jusqu'à 200 h (2G) / Jusqu'à 200 h (3G) Temps de conversation - Jusqu'à 14 h (2G) / Jusqu'à 8 h (3G) Lecture audio - Jusqu'à 40 h	190 EUR	Micro-SIM	Afficher toutes les fréquences du réseau: -2G - GSM 850 / 900 / 1800 / 1900 CDMA 800 / 1900	HSPA 14.4/5.76 Mbps	Oui	Oui	Wi-Fi 802.11 b/g/n, hotspot	Oui, avec A-GPS, GLONASS	Non	2.0	4.0, A2DP, LE	SAR - 1.18 W/kg (tête) 0.98 W/kg (corps) SAR EU - 0.99 W/kg (tête) 0.99 W/kg (corps)	Non	Oui	- Suppression active du bruit avec micro dédié	- Capteurs - Accéléromètre, Gyroscope, Détecteur de proximité, Boussole - Siri natural language commands and dictation - Scratch-resistant glass back panel - CDMA available only if sold and activated for use on a CDMA network												304.0		Apple iPhone 4s
Apple iPhone 4	LED-backlit IPS LCD	oui, capacitif	Black, White	"3.5"" pouces"	36.5 cm2	3:2 (Hauteur:largeur)	54.0%	640 x 960 px	330 PPI	Corning Gorilla Glass, oleophobic coating		5 MP, Une caméra	-5 MP, f/2.8, 1/3.2'', 1.75µm, AF	LED flash, HDR	480p@30fps				0.3 MP, Une caméra	-VGA, videocalling over Wi-Fi only	iOS 4, évolutif à iOS 7.1.2	- Apple A4 (45 nm)	1.0 GHz Cortex-A8	PowerVR SGX535	Non	8/16/32 GB, 512 MB RAM		4152					2010, juin	115.2 Х 58.6 Х 9.3 mm	137 gr.	Panneau avant et arrière de verre , cadre en aluminium	1420 mAh, non amovible, Li-Po	Mode veille - Jusqu'à 300 h (2G) / Jusqu'à 300 h (3G) Temps de conversation - Jusqu'à 14 h (2G) / Jusqu'à 7 h (3G) Lecture audio - Jusqu'à 40 h	200 EUR	Micro-SIM	Afficher toutes les fréquences du réseau: -2G - GSM 850 / 900 / 1800 / 1900	HSPA 7.2/5.76 Mbps	Class 10	Class 10	Wi-Fi 802.11 b/g/n, hotspot	Oui, avec A-GPS	Non	2.0	2.1, A2DP	SAR - 1.17 W/kg (tête) 1.11 W/kg (corps) SAR EU - 0.93 W/kg (tête) 0.74 W/kg (corps)	Non	Oui	- Suppression active du bruit avec micro dédié	- Capteurs - Accéléromètre, Gyroscope, Détecteur de proximité, Boussole - Scratch-resistant glass back panel														Apple iPhone 4
Apple iPhone 3GS	TFT	oui, capacitif	Black, White	"3.5"" pouces"	36.5 cm2	3:2 (Hauteur:largeur)	50.9%	320 x 480 px	165 PPI	Corning Gorilla Glass, oleophobic coating		3.15 MP, Une caméra	-3.15 MP, AF, f/2.8		480p@30fps				0 MP,	-	iOS 3, évolutif à iOS 6.1.6		600 MHz Cortex-A8	PowerVR SGX535	Non	8/16/32 GB, 256 MB RAM		6832					2009, juin	115.5 Х 62.1 Х 12.3 mm	135 gr.		0 mAh,	Mode veille - Jusqu'à 300 h Temps de conversation - Jusqu'à 12 h (2G) / Jusqu'à 5 h (3G) Lecture audio - Jusqu'à 30 h	110 EUR	Mini-SIM	Afficher toutes les fréquences du réseau: -2G - GSM 850 / 900 / 1800 / 1900	HSPA 7.2/0.384 Mbps	Oui	Oui	Wi-Fi 802.11 b/g	Oui, avec A-GPS	Non	2.0	2.1, A2DP (headset support only)	SAR - 0.26 W/kg (tête) 0.79 W/kg (corps) SAR EU - 0.45 W/kg (tête) 0.40 W/kg (corps)	Non	Oui		- Capteurs - Accéléromètre, Détecteur de proximité, Boussole - iCloud cloud service -Maps -Organizer -TV-out -Audio/video player/editor -Photo viewer/editor -Voice command/dial -Predictive text input														Apple iPhone 3GS
Apple iPhone 3G	TFT	oui, capacitif	Black(8/16 GB), White (16 GB)	"3.5"" pouces"	36.5 cm2	3:2 (Hauteur:largeur)	50.9%	320 x 480 px	165 PPI	Corning Gorilla Glass, oleophobic coating		2 MP, Une caméra	-2 MP		No				0 MP,	-	iOS, évolutif à iOS 4.2.1		412 MHz ARM 11	PowerVR MBX	Non	8/16 GB, 128 MB RAM							2008, juin	115.5 Х 62.1 Х 12.3 mm	133 gr.		0 mAh,	Mode veille - Jusqu'à 300 h Temps de conversation - Jusqu'à 10 h Lecture audio - Jusqu'à 24 h	90 EUR	Mini-SIM	Afficher toutes les fréquences du réseau: -2G - GSM 850 / 900 / 1800 / 1900	HSPA	Oui	Oui	Wi-Fi 802.11b/g	Oui, avec A-GPS	Non	2.0	2.0, A2DP (headset support only)	SAR - 0.52 W/kg (tête) 1.29 W/kg (corps) SAR EU - 0.56 W/kg (tête) 0.23 W/kg (corps)	Non	Oui		- Capteurs - Accéléromètre, Détecteur de proximité - Audio/video player -TV-out -Organizer -Document viewer -Photo viewer -Predictive text input														Apple iPhone 3G
Apple iPhone	TFT	oui, capacitif	Black	"3.5"" pouces"	36.5 cm2	3:2 (Hauteur:largeur)	52.0%	320 x 480 px	165 PPI	Corning Gorilla Glass, oleophobic coating		2 MP, Une caméra	-2 MP		No				0 MP,	-	iOS, évolutif à iOS 3.1.3		412 MHz ARM 11	PowerVR MBX	Non	4/8/16 GB							2007, janvier	115 Х 61 Х 11.6 mm	135 gr.		0 mAh,	Mode veille - Jusqu'à 250 h Temps de conversation - Jusqu'à 8 h Lecture audio - Jusqu'à 24 h	420 EUR	Mini-SIM	Afficher toutes les fréquences du réseau:		Oui	Oui	Wi-Fi 802.11b/g	Non	Non	2.0	2.0 (headset support only)	SAR - 0.97 W/kg (tête) 0.38 W/kg (corps) SAR EU - 0.97 W/kg (tête) 0.69 W/kg (corps)	Non	Oui		- Capteurs - Accéléromètre, Détecteur de proximité - Google Maps -Audio/video player -TV-out -Organizer -Document viewer -Photo viewer -Predictive text input														Apple iPhone
OnePlus 7	Optic AMOLED	oui, capacitif	Mirror Gray, Red	"6.41"" pouces"	100.9 cm2	19.5:9 (Hauteur:largeur)	85.5%	1080 x 2340 px	402 PPI	Corning Gorilla Glass 6	- DCI-P3 100% -HDR10	48 MP, Deux caméra	-48 MP, f/1.7, (grand angle), 1/2'', 0.8µm, PDAF, OIS -5MP, f/2.4, 1.12µm, capteur de profondeur	Auto-HDR	1080p@30fps, gyro-EIS				16 MP, Une caméra	-16 MP, f/2.0, 25mm (grand angle), 1/3.1'', 1.0µm	Android 9.0 (Pie);	- Qualcomm SDM855 Snapdragon 855 (7 nm)	- 8-core (1x2.84 GHz Kryo 485 + 3x2.42 GHz Kryo 485 + 4x1.80 GHz Kryo 485)	Adreno 640	Non	256 GB, 8 GB RAM 128 GB, 6 GB RAM	468519	363822	724	2626			2019, mai	157.7 Х 74.8 Х 8.2 mm	182 gr.	Panneau avant en verre (Gorilla Glass 6), panneau arrière en verre (Gorilla Glass 5), cadre en aluminium	3700 mAh, non amovible, Li-Po		550 EUR	Dual SIM (Nano-SIM, mode double veille)	Afficher toutes les fréquences du réseau: -2G - GSM 850 / 900 / 1800 / 1900 - SIM 1 & SIM 2 CDMA 800 / 1900 & TD-SCDMA -3G - HSDPA 800 / 850 / 900 / 1700(AWS) / 1800 / 1900 / 2100 -4G - LTE band 1(2100), 2(1900), 3(1800), 4(1700/2100), 5(850), 7(2600), 8(900), 12(700), 13(700), 17(700), 18(800), 19(800), 20(800), 26(850), 28(700), 29(700), 32(1500), 34(2000), 38(2600), 39(1900), 40(2300), 41(2500)	HSPA 42.2/5.76 Mbps, LTE-A (5CA) Cat16 1024/150 Mbps	Oui	Oui	Wi-Fi 802.11 a/b/g/n/ac, dual-band, WiFi Direct, DLNA, hotspot	Oui, avec dual-band A-GPS, GLONASS, BDS, GALILEO, SBAS	Oui	3.1, Type-C 1.0 connecteur réversible, USB On-The-Go	5.0, A2DP, LE, aptX HD		Non	Non	- Suppression active du bruit avec micro dédié -Dolby Atmos sound- Haut-parleurs stéréo	- Capteurs - Capteur d'empreintes numériquees (à l'écran), Accéléromètre, Gyroscope, Détecteur de proximité, Boussole - Technologie de recharge rapide 20W														OnePlus 7
OnePlus 7 Pro	Fluid AMOLED	oui, capacitif	Mirror Grey, Almond, Nebula Blue	"6.67"" pouces"	108.8 cm2	19.5:9 (Hauteur:largeur)	88.1%	1440 x 3120 px	516 PPI	Corning Gorilla Glass	- DCI-P3 -HDR10+ -90Hz	48 MP, Trois caméras	-48 MP, f/1.6, (grand angle), 1/2'', 0.8µm, Laser/PDAF, OIS -16 MP, f/2.2, 13mm (ultra grand angle) -8 MP, f/2.4, 78mm (téléobjectif), 3x zoom, Laser/PDAF, OIS	Auto-HDR	1080p@30fps, gyro-EIS	114	90	81	16 MP, Une caméra	-Caméra pop-up motorisée 16 MP, f/2.0, 25mm (grand angle), 1/3.0'', 1.0µm	Android 9.0 (Pie); OxygenOS 9	- Qualcomm SDM855 Snapdragon 855 (7 nm)	- 8-core (1x2.84 GHz Kryo 485 + 3x2.42 GHz Kryo 485 + 4x1.80 GHz Kryo 485)	Adreno 640	Non	256 GB, 8/12 GB RAM 128 GB, 6 GB RAM	473991	372534	729	2678	3428	10717	2019, mai	162.6 Х 75.9 Х 8.8 mm	206 gr.	Panneau avant et arrière de verre, cadre en aluminium	4000 mAh, non amovible, Li-Po		700 EUR	Dual SIM (Nano-SIM, mode double veille)	Afficher toutes les fréquences du réseau: -2G - GSM 850 / 900 / 1800 / 1900 - SIM 1 & SIM 2 CDMA 800 / 1900 & TD-SCDMA -3G - HSDPA 800 / 850 / 900 / 1700(AWS) / 1800 / 1900 / 2100 -4G - LTE band 1(2100), 2(1900), 3(1800), 4(1700/2100), 5(850), 7(2600), 8(900), 12(700), 13(700), 17(700), 18(800), 19(800), 20(800), 25(1900), 26(850), 28(700), 29(700), 32(1500), 34(2000), 38(2600), 39(1900), 40(2300), 41(2500), 66(1700/2100) - Global LTE band 1(2100), 2(1900), 3(1800), 4(1700/2100), 5(850), 7(2600), 8(900), 12(700), 13(700), 17(700), 18(800), 19(800), 20(800), 25(1900), 26(850), 28(700), 29(700), 32(1500), 34(2000), 38(2600), 39(1900), 41(2500), 46, 48, 66(1700/2100), 71(600) - North America	HSPA 42.2/5.76 Mbps, LTE-A (5CA) Cat18 1200/150 Mbps	Oui	Oui	Wi-Fi 802.11 a/b/g/n/ac, dual-band, WiFi Direct, DLNA, hotspot	Oui, avec dual-band A-GPS, GLONASS, BDS, GALILEO, SBAS	Oui	3.1, Type-C 1.0 connecteur réversible, USB On-The-Go	5.0, A2DP, LE, aptX HD		Non	Non	- Suppression active du bruit avec micro dédié -Dolby Atmos sound- Haut-parleurs stéréo	- Capteurs - Capteur d'empreintes numériquees (à l'écran), Accéléromètre, Gyroscope, Détecteur de proximité, Boussole - Technologie de recharge rapide 30W (Warp Charge)	86		7260	373664	34	43.654	3517	11233				550.0	76	OnePlus 7 Pro
OnePlus 7 Pro 5G	Fluid AMOLED	oui, capacitif	Mirror Grey, Almond, Nebula Blue	"6.67"" pouces"	109.2 cm2	19.5:9 (Hauteur:largeur)	88.5%	1440 x 3120 px	515 PPI	Corning Gorilla Glass 5	- DCI-P3 -HDR10+ -90Hz	48 MP, Trois caméras	"-48 MP, f/1.6, (grand angle), 1/2"", 0.8µm, PDAF, Laser AF, OIS - 8 MP, f/2.4, 78mm (téléobjectif), 3x zoom, PDAF, Laser AF, OIS - 16 MP, f/2.2, 13mm (ultra grand angle)"	Auto-HDR	1080p@30fps, gyro-EIS	114	90	81	16 MP, Une caméra	"-Caméra pop-up motorisée 16 MP, f/2.0, 25mm (grand angle), 1/3.0"", 1.0µm"	Android 9.0 (Pie)	- Qualcomm SDM855 Snapdragon 855 (7 nm)	- 8-core (1x2.84 GHz Kryo 485 + 3x2.42 GHz Kryo 485 + 4x1.80 GHz Kryo 485)	Adreno 640	Non	256 GB, 8/12 GB RAM 128 GB, 6 GB RAM	464180	370542	727	2670			2019, mai	162.6 Х 75.9 Х 8.8 mm	206 gr.	Panneau avant et arrière de verre (Gorilla Glass 5), cadre en aluminium	4000 mAh, non amovible, Li-Po		800 EUR	Dual SIM (Nano-SIM, mode double veille)	Afficher toutes les fréquences du réseau: -2G - GSM 850 / 900 / 1800 / 1900 - SIM 1 & SIM 2 -3G - HSDPA 800 / 850 / 900 / 1700(AWS) / 1800 / 1900 / 2100 -4G - LTE band 1(2100), 2(1900), 3(1800), 4(1700/2100), 5(850), 7(2600), 8(900), 12(700), 13(700), 17(700), 18(800), 19(800), 20(800), 25(1900), 26(850), 28(700), 29(700), 32(1500), 34(2000), 38(2600), 39(1900), 40(2300), 41(2500), 66(1700/2100) -5G - 5G NSA / Sub6 / mmWave	HSPA 42.2/5.76 Mbps, LTE-A (5CA) Cat18 1200/150 Mbps; 5G (2+ Gbps DL)	Oui	Oui	Wi-Fi 802.11 a/b/g/n/ac, dual-band, WiFi Direct, DLNA, hotspot	Oui, avec dual-band A-GPS, GLONASS, BDS, GALILEO, SBAS	Oui	3.1, Type-C 1.0 connecteur réversible, USB On-The-Go	5.0, A2DP, LE, aptX HD		Non	Non	- Suppression active du bruit avec micro dédié -Dolby Atmos sound- Haut-parleurs stéréo	- Capteurs - Capteur d'empreintes numériquees (à l'écran), Accéléromètre, Gyroscope, Détecteur de proximité, Boussole - Technologie de recharge rapide 30W (Warp Charge)	86													OnePlus 7 Pro 5G
OnePlus 7T	Fluid AMOLED	oui, capacitif	Frosted Silver, Glacier Blue	"6.55"" pouces"	103.6 cm2	20:9 (Hauteur:largeur)	86.5%	1080 x 2400 px	402 PPI	Corning Gorilla Glass	- DCI-P3 100% -HDR10+ -90Hz	48 MP, Trois caméras	-48 MP, f/1.6, 26mm (grand angle), 1/2'', 0.8µm, PDAF, OIS -12 MP, f/2.2, 51mm (téléobjectif), 1.0µm, PDAF, 2x Zoom optique -16 MP, f/2.2, 17mm (ultra grand angle), AF	Auto-HDR	1080p@30fps, gyro-EIS				16 MP, Une caméra	-16 MP, f/2.0, 25mm (grand angle), 1/3.1'', 1.0µm	Android 10.0	- Qualcomm SDM855 Snapdragon 855+ (7 nm)	- 8-core (1x2.96 GHz Kryo 485 + 3x2.42 GHz Kryo 485 + 4x1.78 GHz Kryo 485)	Adreno 640 (700 MHz)	Non	128GB 8GB RAM, 256GB 8GB RAM, UFS3.0	494705	401214	761	2697			2019, septembre 26	160.9 Х 74.4 Х 8.1 mm	190 gr.	Panneau avant en verre (Gorilla Glass), panneau arrière en verre (Gorilla Glass), cadre en aluminium	3800 mAh, non amovible, Li-Po		600 EUR	Dual SIM (Nano-SIM, mode double veille)	Afficher toutes les fréquences du réseau: -2G - GSM 850 / 900 / 1800 / 1900 - SIM 1 & SIM 2 CDMA 800 / 1900 & TD-SCDMA -3G - HSDPA 800 / 850 / 900 / 1700(AWS) / 1800 / 1900 / 2100 -4G - LTE band 1(2100), 2(1900), 3(1800), 4(1700/2100), 5(850), 7(2600), 8(900), 12(700), 13(700), 17(700), 18(800), 19(800), 20(800), 25(1900), 26(850), 28(700), 29(700), 32(1500), 34(2000), 38(2600), 39(1900), 40(2300), 41(2500), 66(1700/2100) - EU LTE band 1(2100), 2(1900), 3(1800), 4(1700/2100), 5(850), 7(2600), 8(900), 12(700), 13(700), 17(700), 18(800), 19(800), 20(800), 25(1900), 26(850), 28(700), 29(700), 30(2300), 34(2000), 38(2600), 39(1900), 41(2500), 46, 48, 66(1700/2100), 71(600) - NA LTE band 1(2100), 2(1900), 3(1800), 4(1700/2100), 5(850), 7(2600), 8(900), 12(700), 13(700), 17(700), 18(800), 19(800), 20(800), 26(850), 28(700), 29(700), 34(2000), 38(2600), 39(1900), 40(2300), 41(2500) - CN, IN	HSPA 42.2/5.76 Mbps, LTE-A (5CA) Cat18 1200/150 Mbps	Oui	Oui	Wi-Fi 802.11 a/b/g/n/ac, dual-band, Wi-Fi Direct, DLNA, hotspot	Oui, avec dual-band A-GPS, GLONASS, BDS, GALILEO, SBAS	Oui	3.1, Type-C 1.0 connecteur réversible, USB On-The-Go	5.0, A2DP, LE, aptX HD		Non	Non	- Suppression active du bruit avec micro dédié -Dolby Atmos sound- Haut-parleurs stéréo	- Capteurs - Capteur d'empreintes numériquees (à l'écran, optical), Accéléromètre, Gyroscope, Détecteur de proximité, Boussole - Technologie de recharge rapide 30W (Warp Charge 30T)				378797	58							652.0	62	OnePlus 7T
OnePlus 7T Pro	Fluid AMOLED	capacitive touch	Haze Blue, McLaren Edition	"6.67"" pouces"	108.8 cm2	19.5:9 (Hauteur:largeur)	88.1%	1440 x 3120 px	516 PPI	Corning Gorilla Glass 5	- DCI-P3 100% -HDR10+ -90Hz	48 MP, Trois caméras	"-48 MP, f/1.6, (grand angle), 1/2"", 0.8µm, PDAF, Laser AF, OIS -8 MP, f/2.4, (téléobjectif), 1.0µm, PDAF, OIS, 3x Zoom optique -16 MP, f/2.2, 13mm (ultra grand angle), AF"	Auto-HDR	1080p@30fps, gyro-EIS	114	122	96	16 MP, Une caméra	-Caméra pop-up motorisée 16 MP, f/2.0, 25mm (grand angle), 1/3.1'', 1.0µm	Android 10.0	- Qualcomm SM8150 Snapdragon 855+ (7 nm)	- 8-core (1x2.96 GHz Kryo 485 + 3x2.42 GHz Kryo 485 + 4x1.78 GHz Kryo 485)	Adreno 640 (700 MHz)	Non	256GB 8GB RAM, 256GB 12GB RAM	491914	447063	764	2709			2019, octobre	162.6 Х 75.9 Х 8.8 mm	206 gr.	Panneau avant et arrière de verre (Gorilla Glass 5), cadre en aluminium	4085 mAh, non amovible, Li-Po		760 EUR	Dual SIM (Nano-SIM, mode double veille)	Afficher toutes les fréquences du réseau: -2G - GSM 850 / 900 / 1800 / 1900 - SIM 1 & SIM 2 CDMA 800 / 1900 & TD-SCDMA -3G - HSDPA 800 / 850 / 900 / 1700(AWS) / 1800 / 1900 / 2100 -4G - LTE band 1(2100), 2(1900), 3(1800), 4(1700/2100), 5(850), 7(2600), 8(900), 12(700), 13(700), 17(700), 18(800), 19(800), 20(800), 25(1900), 26(850), 28(700), 29(700), 32(1500), 34(2000), 38(2600), 39(1900), 40(2300), 41(2500), 66(1700/2100)	HSPA 42.2/5.76 Mbps, LTE-A (5CA) Cat18 1200/150 Mbps	Oui	Oui	Wi-Fi 802.11 a/b/g/n/ac, dual-band, Wi-Fi Direct, DLNA, hotspot	Oui, avec dual-band A-GPS, GLONASS, BDS, GALILEO	Oui	3.1, Type-C 1.0 connecteur réversible, USB On-The-Go	5.0, A2DP, LE, aptX HD		Non	Non	- Suppression active du bruit avec micro dédié -Dolby Atmos sound- Haut-parleurs stéréo	- Capteurs - Capteur d'empreintes numériquees (à l'écran, optical), Accéléromètre, Gyroscope, Détecteur de proximité, Boussole - Technologie de recharge rapide 30W (Warp Charge) - For Europe, India, China, Hong Kong				373576	35							615.0	66	OnePlus 7T Pro
OnePlus 7T Pro 5G McLaren	Fluid AMOLED	oui, capacitif	Papaya Orange	"6.67"" pouces"	108.8 cm2	19.5:9 (Hauteur:largeur)	88.1%	1440 x 3120 px	516 PPI	Corning Gorilla Glass 6	- DCI-P3 100% -HDR10+ -90Hz	48 MP, Trois caméras	"-48 MP, f/1.6, (grand angle), 1/2.0"", 0.8µm, PDAF, Laser AF, OIS -8 MP, f/2.4, (téléobjectif), 1.0µm, PDAF, OIS, 3x Zoom optique -16 MP, f/2.2, 13mm (ultra grand angle), AF"	Auto-HDR	1080p@30fps, gyro-EIS	114	122	96	16 MP, Une caméra	-Caméra pop-up motorisée 16 MP, f/2.0, 25mm (grand angle), 1/3.1'', 1.0µm	Android 10.0; OxygenOS 10.0	- Qualcomm SM8150 Snapdragon 855+ (7 nm)	- 8-core (1x2.96 GHz Kryo 485 + 3x2.42 GHz Kryo 485 + 4x1.78 GHz Kryo 485)	Adreno 640 (700 MHz)	Non	256GB 12GB RAM	482175	447063	767	2714			2019, octobre	162.6 Х 75.9 Х 8.8 mm	206 gr.	Panneau avant en verre (Gorilla Glass 6), panneau arrière en verre (Gorilla Glass 5), cadre en aluminium	4085 mAh, non amovible, Li-Po		800 EUR	Dual SIM (Nano-SIM, mode double veille)	Afficher toutes les fréquences du réseau: -2G - GSM 850 / 900 / 1800 / 1900 - SIM 1 & SIM 2 CDMA 800 / 1900 & TD-SCDMA -3G - HSDPA 800 / 850 / 900 / 1700(AWS) / 1800 / 1900 / 2100 -4G - LTE band 1(2100), 2(1900), 3(1800), 4(1700/2100), 5(850), 7(2600), 8(900), 12(700), 13(700), 17(700), 18(800), 19(800), 20(800), 25(1900), 26(850), 28(700), 29(700), 32(1500), 34(2000), 38(2600), 39(1900), 40(2300), 41(2500), 66(1700/2100) -5G - 5G SA 600 MHz	HSPA 42.2/5.76 Mbps, LTE-A (5CA) Cat18 1200/150 Mbps, 5G (2+ Gbps DL)	Oui	Oui	Wi-Fi 802.11 a/b/g/n/ac, dual-band, Wi-Fi Direct, DLNA, hotspot	Oui, avec dual-band A-GPS, GLONASS, BDS, GALILEO	Oui	3.1, Type-C 1.0 connecteur réversible, USB On-The-Go	5.1, A2DP, LE, aptX HD		Non	Non	- Suppression active du bruit avec micro dédié -Dolby Atmos sound- Haut-parleurs stéréo	- Capteurs - Capteur d'empreintes numériquees (à l'écran, optical), Accéléromètre, Gyroscope, Détecteur de proximité, Boussole - Technologie de recharge rapide 30W (Warp Charge) - For USA Autres noms: OnePlus 7T Pro 5G McLaren Edition														OnePlus 7T Pro 5G McLaren
OnePlus 6	Optic AMOLED	oui, capacitif	Midnight Black, Mirror Black, Silk White, Amber Red	"6.28"" pouces"	98.4 cm2	19:9 (Hauteur:largeur)	83.8%	1080 x 2280 px	402 PPI	Corning Gorilla Glass 5	- DCI-P3	16 MP, Deux caméra	-16 MP, f/1.7, 25mm (grand angle), 1/2.6'', 1.22µm, OIS, PDAF -20 MP (16 MP efficace), f/1.7, 25mm (grand angle), 1/2.8'', 1.0µm, PDAF	Auto-HDR, gyro-EIS	1080p@30fps	96	100	87	16 MP, Une caméra	-16 MP, f/2.0, 25mm (grand angle), 1/3.1'', 1.0µm	Android 8.1 (Oreo), évolutif à Android 9.0 (Pie); OxygenOS 9.0.2	- Qualcomm SDM845 Snapdragon 845 (10 nm)	- 8-core (4x2.8 GHz Kryo 385 Gold + 4x1.7 GHz Kryo 385 Silver)	Adreno 630	Non	128/256 GB, 8 GB RAM 64 GB, 6 GB RAM	357294	297021	501	2216	2390	8846	2018, mai	155.7 Х 75.4 Х 7.8 mm	177 gr.	Panneau avant et arrière de verre, cadre en aluminium	3300 mAh, non amovible, Li-Po		520 EUR	Dual SIM (Nano-SIM, mode double veille)	Afficher toutes les fréquences du réseau: -2G - GSM 850 / 900 / 1800 / 1900 - SIM 1 & SIM 2 CDMA 800 / 1900 & TD-SCDMA -3G - HSDPA 800 / 850 / 900 / 1700(AWS) / 1900 / 2100 -4G - LTE band 1(2100), 2(1900), 3(1800), 4(1700/2100), 5(850), 7(2600), 8(900), 12(700), 17(700), 18(800), 19(800), 20(800), 25(1900), 26(850), 28(700), 29(700), 30(2300), 32(1500), 34(2000), 38(2600), 39(1900), 40(2300), 41(2500), 66(1700/2100), 71(600) - Europe, North America LTE band 1(2100), 2(1900), 3(1800), 4(1700/2100), 5(850), 7(2600), 8(900), 12(700), 17(700), 18(800), 19(800), 20(800), 25(1900), 26(850), 28(700), 29(700), 34(2000), 38(2600), 39(1900), 40(2300), 41(2500), 66(1700/2100) - India, Asia, China	HSPA 42.2/5.76 Mbps, LTE-A (4CA) Cat16 1024/150 Mbps	Oui	Oui	Wi-Fi 802.11 a/b/g/n/ac, dual-band, WiFi Direct, DLNA, hotspot	Oui, avec A-GPS, GLONASS, BDS, GALILEO	Oui	2.0, Type-C 1.0 connecteur réversible	5.0, A2DP, LE, aptX HD		Non	Oui	- Suppression active du bruit avec micro dédié -Dirac HD sound	- Capteurs - Capteur d'empreintes numériquees (le panneau arrière), Accéléromètre, Gyroscope, Détecteur de proximité, Boussole - Technologie de recharge rapide 5V 4A 20W (Dash Charge) - résistant aux éclaboussures - For Europe, Asia, North America, China		3565	13505	260353.5	50	88.123	2413.66	8929	4290.33			490.0	80	OnePlus 6
OnePlus 6T	Optic AMOLED	oui, capacitif	Thunder Purple, Mirror Black, Midnight Black	"6.41"" pouces"	100.9 cm2	19.5:9 (Hauteur:largeur)	85.6%	1080 x 2340 px	402 PPI	Corning Gorilla Glass 6	- DCI-P3	16 MP, Deux caméra	-16 MP, f/1.7, 25mm (grand angle), 1/2.6'', 1.22µm, OIS, PDAF -20 MP (16 MP efficace), f/1.7, 25mm (grand angle), 1/2.8'', 1.0µm, PDAF	Auto-HDR, gyro-EIS	1080p@30fps	98	101	91	16 MP, Une caméra	-16 MP, f/2.0, 25mm (grand angle), 1/3.1'', 1.0µm	Android 9.0 (Pie); OxygenOS 9.0.5	- Qualcomm SDM845 Snapdragon 845 (10 nm)	- 8-core (4x2.8 GHz Kryo 385 Gold + 4x1.7 GHz Kryo 385 Silver)	Adreno 630	Non	256 GB, 8 GB RAM, 128 GB, 6/8 GB RAM	362575	293212	500	2245	2372	8842	2018, octobre	157.5 Х 74.8 Х 8.2 mm	185 gr.	Panneau avant et arrière de verre, cadre en aluminium	3700 mAh, non amovible, Li-Po		550 EUR	Dual SIM (Nano-SIM, mode double veille)	Afficher toutes les fréquences du réseau: -2G - GSM 850 / 900 / 1800 / 1900 - SIM 1 & SIM 2 CDMA 800 / 1900 & TD-SCDMA -3G - HSDPA 800 / 850 / 900 / 1700(AWS) / 1800 / 1900 / 2100 -4G - LTE band 1(2100), 2(1900), 3(1800), 4(1700/2100), 5(850), 7(2600), 12(700), 13(700), 17(700), 18(800), 19(800), 20(800), 25(1900), 26(850), 28(700), 29(700), 30(2300), 32(1500), 34(2000), 38(2600), 39(1900), 40(2300), 41(2500), 46, 66(1700/2100), 71(600) - Europe, North America LTE band 1(2100), 2(1900), 3(1800), 4(1700/2100), 5(850), 7(2600), 12(700), 13(700), 17(700), 18(800), 19(800), 20(800), 25(1900), 26(850), 28(700), 29(700), 34(2000), 38(2600), 39(1900), 40(2300), 41(2500), 66(1700/2100) - India, China	HSPA 42.2/5.76 Mbps, LTE-A (5CA) Cat16 1024/150 Mbps	Oui	Oui	Wi-Fi 802.11 a/b/g/n/ac, dual-band, WiFi Direct, DLNA, hotspot	Oui, avec A-GPS, GLONASS, BDS, GALILEO	Oui	2.0, Type-C 1.0 connecteur réversible, USB On-The-Go	5.0, A2DP, aptX HD, LE		Non	Non	- Suppression active du bruit avec micro dédié -Dirac HD sound	- Capteurs - Capteur d'empreintes numériquees (à l'écran), Accéléromètre, Gyroscope, Détecteur de proximité, Boussole - Technologie de recharge rapide 5V/4A 20W			13163	294008	51	87.078	2423	9024				592.0	85	OnePlus 6T
OnePlus 6T McLaren	Optic AMOLED	oui, capacitif	Speed Orange	"6.41"" pouces"	100.9 cm2	19.5:9 (Hauteur:largeur)	85.6%	1080 x 2340 px	402 PPI	Corning Gorilla Glass 6	- DCI-P3	16 MP, Deux caméra	-16 MP, f/1.7, 25mm (grand angle), 1/2.6'', 1.22µm, OIS, PDAF -20 MP (16 MP efficace), f/1.7, 25mm (grand angle), 1/2.8'', 1.0µm, PDAF	Auto-HDR, gyro-EIS	1080p@30fps				16 MP, Une caméra	-16 MP, f/2.0, 25mm (grand angle), 1/3.1'', 1.0µm	Android 9.0 (Pie); OxygenOS 9.0.5	- Qualcomm SDM845 Snapdragon 845 (10 nm)	- 8-core (4x2.8 GHz Kryo 385 Gold + 4x1.7 GHz Kryo 385 Silver)	Adreno 630	Non	256 GB, 10 GB RAM	346154	25192	498	2229			2018, décembre	157.5 Х 74.8 Х 8.2 mm	185 gr.	Panneau avant et arrière de verre, cadre en aluminium	3700 mAh, non amovible, Li-Po		700 EUR	Dual SIM (Nano-SIM, mode double veille)	Afficher toutes les fréquences du réseau: -2G - GSM 850 / 900 / 1800 / 1900 - SIM 1 & SIM 2 -3G - HSDPA 800 / 850 / 900 / 1700(AWS) / 1800 / 1900 / 2100 -4G - LTE	HSPA 42.2/5.76 Mbps, LTE-A (5CA) Cat16 1024/150 Mbps	Oui	Oui	Wi-Fi 802.11 a/b/g/n/ac, dual-band, WiFi Direct, DLNA, hotspot	Oui, avec A-GPS, GLONASS, BDS, GALILEO	Oui	2.0, Type-C 1.0 connecteur réversible, USB On-The-Go	5.0, A2DP, aptX HD, LE		Non	Non	- Suppression active du bruit avec micro dédié -Dirac HD sound	- Capteurs - Capteur d'empreintes numériquees (à l'écran), Accéléromètre, Gyroscope, Détecteur de proximité, Boussole - Technologie de recharge rapide 5V/6A 30W (Warp Charge 30) 50% en 20 minutes														OnePlus 6T McLaren
OnePlus 5	Optic AMOLED	oui, capacitif	Midnight Black, Slate Gray	"5.5"" pouces"	83.4 cm2	16:9 (Hauteur:largeur)	73.0%	1080 x 1920 px	401 PPI	Corning Gorilla Glass 5		16 MP, Deux caméra	-16 MP, f/1.7, 24mm (grand angle), 1/2.8'', 1.12µm, PDAF -20 MP, f/2.6, 36mm (standard), 1/2.8'', 1.0µm, 1.6x Zoom optique, AF	Auto-HDR	1080p (gyro-EIS)				16 MP, Une caméra	-16 MP, f/2.0, 20mm, 1/3.1'', 1.0µm	Android 7.1.1 (Nougat), évolutif à Android 9.0 (Pie); OxygenOS 5.1.4	- Qualcomm MSM8998 Snapdragon 835 (10 nm)	- 8-core (4x2.45 GHz Kryo + 4x1.9 GHz Kryo)	Adreno 540	Non	128 GB, 8 GB RAM 64 GB, 6 GB RAM		210302			1967	6710	2017, juin	154.2 Х 74.1 Х 7.3 mm	153 gr.	Panneau avant en verre, cadre en aluminium et panneau arrière	3300 mAh, non amovible, Li-Po		500 EUR	Dual SIM (Nano-SIM, mode double veille)	Afficher toutes les fréquences du réseau: -2G - GSM 850 / 900 / 1800 / 1900 - SIM 1 & SIM 2 CDMA 800 & TD-SCDMA -3G - HSDPA 850 / 900 / 1700(AWS) / 1900 / 2100 -4G - LTE band 1(2100), 2(1900), 3(1800), 4(1700/2100), 5(850), 7(2600), 8(900), 12(700), 17(700), 18(800), 19(800), 20(800), 25(1900), 26(850), 28(700), 29(700), 30(2300), 38(2600), 39(1900), 40(2300), 41(2500), 66(1700/2100)	HSPA, LTE-A (3CA) Cat12 600/150 Mbps	Oui	Oui	Wi-Fi 802.11 a/b/g/n/ac, Wi-Fi Direct, DLNA, hotspot	Oui, avec A-GPS, GLONASS, BDS, GALILEO	Oui	2.0, Type-C 1.0 connecteur réversible	5.0, A2DP, LE, aptX HD		Non	Oui	- Suppression active du bruit avec micro dédié -Dirac HD sound	- Capteurs - Capteur d'empreintes numériquees (le panneau avant), Accéléromètre, Gyroscope, Détecteur de proximité, Boussole - Technologie de recharge rapide (Dash Charge)				178968	40	69.780	1941	6678	3500	60		558.0	99	OnePlus 5
OnePlus 5T	Optic AMOLED	oui, capacitif	Midnight Black, Lava Red, Sandstone White (128/8GB only)	"6.01"" pouces"	93.7 cm2	18:9 (Hauteur:largeur)	80.0%	1080 x 2160 px	401 PPI	Corning Gorilla Glass 5	- DCI-P3	16 MP, Deux caméra	-16 MP, f/1.7, 27mm (grand angle), 1/2.8'', 1.12µm, PDAF -20 MP, f/1.7, 27mm (grand angle), 1/2.8'', 1.0µm, AF, PDAF	Auto-HDR	1080p (gyro-EIS)				16 MP, Une caméra	-16 MP, f/2.0, 20mm, 1/3.1'', 1.0µm	Android 7.1.1 (Nougat), évolutif à Android 9.0 (Pie); OxygenOS 5.1.4	- Qualcomm MSM8998 Snapdragon 835 (10 nm)	- 8-core (4x2.45 GHz Kryo + 4x1.9 GHz Kryo)	Adreno 540	Non	128 GB, 8 GB RAM 64 GB, 6 GB RAM	263919	212387	383	1655	1941	6612	2017, novembre	156.1 Х 75 Х 7.3 mm	162 gr.	Panneau avant en verre, cadre en aluminium, back	3300 mAh, non amovible, Li-Po		500 EUR	Dual SIM (Nano-SIM, mode double veille)	Afficher toutes les fréquences du réseau: -2G - GSM 850 / 900 / 1800 / 1900 - SIM 1 & SIM 2 CDMA 800 & TD-SCDMA -3G - HSDPA 850 / 900 / 1700(AWS) / 1900 / 2100 -4G - LTE band 1(2100), 2(1900), 3(1800), 4(1700/2100), 5(850), 7(2600), 8(900), 12(700), 17(700), 18(800), 19(800), 20(800), 25(1900), 26(850), 28(700), 29(700), 30(2300), 34(2000), 38(2600), 39(1900), 40(2300), 41(2500), 66(1700/2100)	HSPA, LTE-A (3CA) Cat12 600/150 Mbps	Oui	Oui	Wi-Fi 802.11 a/b/g/n/ac, dual-band, WiFi Direct, DLNA, hotspot	Oui, avec A-GPS, GLONASS, BDS, GALILEO	Oui	2.0, Type-C 1.0 connecteur réversible	5.0, A2DP, LE, aptX HD		Non	Oui	- Suppression active du bruit avec micro dédié -Dirac HD sound	- Capteurs - Capteur d'empreintes numériquees (le panneau arrière), Accéléromètre, Gyroscope, Détecteur de proximité, Boussole - Technologie de recharge rapide 5V 4A 20W (Dash Charge)		3936	7859	180651	37	66.048	1965	6638	3749			531.0	93	OnePlus 5T
OnePlus 3	Optic AMOLED	oui, capacitif	Graphite, soft gold	"5.5"" pouces"	83.4 cm2	16:9 (Hauteur:largeur)	73.1%	1080 x 1920 px	401 PPI	Corning Gorilla Glass 4		16 MP, Une caméra	-16 MP, f/2.0, 1/2.8'', 1.12µm, OIS, PDAF	LED flash, panorama, HDR	2160p@30fps, 1080p@30/60fps, 720p@120fps, Auto HDR				8 MP, Une caméra	-8 MP, f/2.0, 1/3.2'', 1.4µm	Android 6.0.1 (Marshmallow), évolutif à Android 8.0 (Oreo); OxygenOS 5.0.4	- Qualcomm MSM8996 Snapdragon 820 (14 nm)	- 4-core (2x2.15 GHz Kryo + 2x1.6 GHz Kryo)	Adreno 530	Non	64 GB, 6 GB RAM		164122	315	781	1683	3947	2016, juin	152.7 Х 74.7 Х 7.4 mm	158 gr.	Panneau avant en verre, corps en aluminium	3000 mAh, non amovible, Li-Ion		400 EUR	Dual SIM (Nano-SIM, mode double veille)	Afficher toutes les fréquences du réseau: -2G - GSM 850 / 900 / 1800 / 1900 - SIM 1 & SIM 2 -3G - HSDPA 850 / 900 / 2100 -4G - LTE band 1(2100), 3(1800), 5(850), 7(2600), 8(900), 20(800), 38(2600), 40(2300)	HSPA 42.2/5.76 Mbps, LTE-A (2CA) Cat6 300/50 Mbps	Oui	Oui	Wi-Fi 802.11 a/b/g/n/ac, Wi-Fi Direct, DLNA, hotspot	Oui, avec A-GPS, GLONASS, BDS	Oui	2.0, Type-C 1.0 connecteur réversible	4.2, A2DP, LE, aptX HD	SAR EU - 0.39 W/kg (tête) 0.32 W/kg (corps)	Non	Oui	- Suppression active du bruit avec micro dédié	- Capteurs - Capteur d'empreintes numériquees (le panneau avant), Accéléromètre, Gyroscope, Détecteur de proximité, Boussole - Technologie de recharge rapide (Dash Charge) - Autres noms: OnePlus Three		1956	7325	140007.66	30	46.685			2118	59	3678.66	353.0	74	OnePlus 3
OnePlus 3T	Optic AMOLED	oui, capacitif	Gunmetal, Soft Gold, Midnight Black	"5.5"" pouces"	83.4 cm2	16:9 (Hauteur:largeur)	73.1%	1080 x 1920 px	401 PPI	Corning Gorilla Glass 4		16 MP, Une caméra	-16 MP, f/2.0, 1/2.8'', 1.12µm, OIS, PDAF	LED flash, panorama, HDR	1080p@30fps				16 MP, Une caméra	-16 MP, f/2.0, 1/3.1'', 1.0µm	Android 6.0.1 (Marshmallow), évolutif à Android 8.0 (Oreo); OxygenOS 5.0.4	- Qualcomm MSM8996 Snapdragon 821 (14 nm)	- 4-core (2x2.35 GHz Kryo + 2x1.6 GHz Kryo)	Adreno 530	Non	64/128 GB, 6 GB RAM		178923	335	783	1800	4117	2016, novembre	152.7 Х 74.7 Х 7.4 mm	158 gr.	Panneau avant en verre, corps en aluminium	3400 mAh, non amovible, Li-Ion		440 EUR	Dual SIM (Nano-SIM, mode double veille)	Afficher toutes les fréquences du réseau: -2G - GSM 850 / 900 / 1800 / 1900 - SIM 1 & SIM 2 -3G - HSDPA 850 / 900 / 1700(AWS) / 1900 / 2100 - North America HSDPA 850 / 900 / 1900 / 2100 - Global model CDMA2000 1xEV-DO - North America -4G - LTE band 1(2100), 2(1900), 4(1700/2100), 5(850), 7(2600), 8(900), 12(700), 17(700), 30(2300) - North America LTE band 1(2100), 3(1800), 5(850), 7(2600), 8(900), 20(800), 38(2600), 40(2300) - Global model	HSPA 42.2/5.76 Mbps, LTE-A (2CA) Cat6 300/50 Mbps	Oui	Oui	Wi-Fi 802.11 a/b/g/n/ac, Wi-Fi Direct, DLNA, hotspot	Oui, avec A-GPS, GLONASS, BDS	Oui	2.0, Type-C 1.0 connecteur réversible	4.2, A2DP, aptX HD, LE	SAR - 0.99 W/kg (tête) 0.65 W/kg (corps)	Non	Oui	- Suppression active du bruit avec micro dédié	- Capteurs - Capteur d'empreintes numériquees (le panneau avant), Accéléromètre, Gyroscope, Détecteur de proximité, Boussole - Technologie de recharge rapide (Dash Charge)			7474	160646	32	49.402	1854	4175.66	2185.33	59	4175.33	341.0	85	OnePlus 3T
OnePlus 2	LTPS IPS LCD	oui, capacitif	Sandstone Black	"5.5"" pouces"	83.4 cm2	16:9 (Hauteur:largeur)	73.3%	1080 x 1920 px	401 PPI	Corning Gorilla Glass 3		13 MP, Une caméra	-13 MP, f/2.0, 1/2.6'', 1.3µm, OIS, laser AF	Dual-LED flash, panorama, HDR	720p@30fps				5 MP, Une caméra	-5 MP, f/2.4	Android 5.1 (Lollipop), évolutif à 6.0.1 (Marshmallow); Oxygen 3.5.6 UI	- Qualcomm MSM8994 Snapdragon 810 (20 nm)	- 8-core (4x1.56 GHz Cortex-A53 + 4x1.82 GHz Cortex-A57)	Adreno 430	Non	16 GB, 3 GB RAM64 GB, 4 GB RAM		91253	208	591	1050	2740	2015, juillet	151.8 Х 74.9 Х 9.9 mm	175 gr.	Cadre en aluminium, panneau plastique arrière	3300 mAh, non amovible, Li-Po		300 EUR	Dual SIM (Nano-SIM, mode double veille)	Afficher toutes les fréquences du réseau: -2G - GSM 850 / 900 / 1800 / 1900 - SIM 1 & SIM 2 -3G - HSDPA 850 / 900 / 1900 / 2100 -4G - LTE band 1(2100), 3(1800), 5(850), 7(2600), 8(900), 20(800), 38(2600), 40(2300), 41(2500)	HSPA 42.2/5.76 Mbps, LTE Cat4 150/50 Mbps	Oui	Oui	Wi-Fi 802.11 a/b/g/n/ac, Wi-Fi Direct, DLNA, hotspot	Oui, avec A-GPS, GLONASS	Non	2.0, Type-C 1.0 connecteur réversible	4.1, A2DP	SAR EU - 0.43 W/kg (tête) 0.20 W/kg (corps)	Non	Oui	- Suppression active du bruit avec micro dédié	- Capteurs - Capteur d'empreintes numériquees (le panneau avant), Accéléromètre, Gyroscope, Détecteur de proximité, Boussole - Autres noms: OnePlus Two		1209	3510	50188	15				1068	45	2258	398.0	150	OnePlus 2
OnePlus X	AMOLED	oui, capacitif	Onyx, Ceramic, Champagne	"5"" pouces"	68.9 cm2	16:9 (Hauteur:largeur)	71.3%	1080 x 1920 px	441 PPI	Corning Gorilla Glass 3		13 MP, Une caméra	-13 MP, f/2.2, 1/3'', 1.14µm, PDAF	LED flash, panorama, HDR	1080p@30fps, 720p@120fps				8 MP, Une caméra	-8 MP, f/2.4	Android 5.1.1 (Lollipop), évolutif à 6.0.1 (Marshmallow); OxygenOS 2.2.3	- Qualcomm Snapdragon 801 (28 nm)	- 4-core 2.3 GHz Krait 400	Adreno 330	microSD, jusqu'à 256 GB (les usages SIM 2 fente)	16 GB, 3 GB RAM		47193			949	2276	2015, octobre	140 Х 69 Х 6.9 mm	138 gr.	Panneau avant et arrière de verre , cadre en aluminium	2525 mAh, non amovible, Li-Po		270 EUR	Hybrid Dual SIM (Nano-SIM, mode double veille)	Afficher toutes les fréquences du réseau: -2G - GSM 850 / 900 / 1800 / 1900 - SIM 1 & SIM 2 -3G - HSDPA 850 / 900 / 1900 / 2100 - Europe HSDPA 850 / 900 / 1700(AWS) / 1900 / 2100 - USA -4G - LTE band 1(2100), 3(1800), 5(850), 7(2600), 8(900), 20(800), 38(2600), 40(2300) - Europe LTE band 1(2100), 2(1900), 4(1700/2100), 5(850), 7(2600), 8(900) - USA	HSPA, LTE	Oui	Oui	Wi-Fi 802.11 b/g/n, hotspot	Oui, avec A-GPS, GLONASS, BDS	Non	microUSB 2.0	4.0, A2DP	SAR - 1.11 W/kg (tête) 1.11 W/kg (corps) SAR EU - 0.32 W/kg (tête) 0.42 W/kg (corps)	FM radio	Oui	- Suppression active du bruit avec micro dédié	- Capteurs - Accéléromètre, Gyroscope, Détecteur de proximité			1959	40173	10				1185.66	23	1542	357.0	121	OnePlus X
OnePlus One	LTPS IPS LCD	oui, capacitif	Silk White, Sandstone Black	"5.5"" pouces"	83.4 cm2	16:9 (Hauteur:largeur)	71.9%	1080 x 1920 px	401 PPI	Corning Gorilla Glass 3	- CyanogenMod 13 -Oxygen 2.1.4	13 MP, Une caméra	-13 MP, f/2.0, 1/3'', 1.12µm, AF	Dual-LED flash, panorama, HDR	720p@30fps				5 MP, Une caméra	-5 MP, f/2.0	Android 4.4.2 (KitKat), évolutif à 6.0.1 (Marshmallow)	- Qualcomm MSM8974AC Snapdragon 801 (28 nm)	- 4-core 2.5 GHz Krait 400	Adreno 330	Non	16/64 GB, 3 GB RAM		46932			1003	2511	2014, avril	152.9 Х 75.9 Х 8.9 mm	162 gr.	Corps en plastique	3100 mAh, non amovible, Li-Po		250 EUR	Micro-SIM	Afficher toutes les fréquences du réseau: -2G - GSM 850 / 900 / 1800 / 1900 -3G - HSDPA 850 / 900 / 1700 / 1900 / 2100 -4G - LTE band 1(2100), 3(1800), 4(1700/2100), 7(2600), 17(700), 38(2600), 40(2300)	HSPA 42.2/5.76 Mbps, LTE Cat4 150/50 Mbps	Oui	Oui	Wi-Fi 802.11 a/b/g/n/ac, Wi-Fi Direct, DLNA, hotspot	Oui, avec A-GPS, GLONASS	Oui	microUSB 2.0, USB Host	4.1, A2DP	SAR - 0.62 W/kg (tête) 0.75 W/kg (corps)	Non	Oui	- Suppression active du bruit avec micro dédié- deux haut-parleurs mono	- Capteurs - Accéléromètre, Gyroscope, Détecteur de proximité, Boussole - ANT+		1484	2168	37599.6	11.8				1190	28.8	1714.3	485.0	120	OnePlus One
Apple iPad Pro 11-inch (2020)																																																										716971										Apple iPad Pro 11-inch (2020)
Apple iPad Pro 11-inch																																																										566363	60	268	5024	18116				700.0	180	Apple iPad Pro 11-inch
Apple iPad Air (2019)																																																										373048	59	115.195	4815	11554					235	Apple iPad Air (2019)
Apple iPad mini (2019)																																																										364352	53	131.235	4817	11526				574.0	225	Apple iPad mini (2019)
Apple iPad Pro 12.9-inch																																																										223751	28	202.11	3929	9288	3951	60		659.0	261	Apple iPad Pro 12.9-inch
Apple iPad Pro 10.5-inch																																																										220321	50	203.63	3923	9258	3983	60		638.0	204	Apple iPad Pro 10.5-inch
Apple iPad 10.2-inch																																																										206348	40									Apple iPad 10.2-inch
Apple iPad 9.7-inch (2018)																																																										173688	40	163.94	3405	5737	3214				397	Apple iPad 9.7-inch (2018)
Apple iPad Pro 9.7-inch																																																										156667	35	142.93			2765	59.8		595.0	215	Apple iPad Pro 9.7-inch
Apple iPad mini 4																																																										82751	15.3				1820	37.1		496.0	191	Apple iPad mini 4
Apple iPad Pro																																																										63244	33.4				2945	59.4		488.0	297	Apple iPad Pro
Apple iPad Air 2																																																										62856	24.1				1880	52.2		447.0		Apple iPad Air 2
Apple iPad mini 3																																																										35513	8.9				999	22.7		413.0		Apple iPad mini 3
Apple iPad Air																																																											9.1					23.2		518.0		Apple iPad Air
Apple iPad mini 2																																																																21		508.0	206	Apple iPad mini 2
